monster,cr,cr_band,section,ability,resolution,reach,aoe,damage_types,save_ability,save_effect,riders,instances_per_round,recharge,notes
Adult Black Dragon,14,11-16,multiattack-swing,Rend,attack,melee,n,slashing;acid,,,,3,at-will,
Adult Black Dragon,14,11-16,action,Acid Breath,save,ranged,y,acid,DEX,half,,1,5-6,
Adult Black Dragon,14,11-16,legendary,Cloud of Insects,save,ranged,n,poison,DEX,other,,1,at-will,
Adult Blue Dragon,16,11-16,multiattack-swing,Rend,attack,melee,n,slashing;lightning,,,,3,at-will,
Adult Blue Dragon,16,11-16,action,Lightning Breath,save,ranged,y,lightning,DEX,half,,1,5-6,
Adult Brass Dragon,13,11-16,multiattack-swing,Rend,attack,melee,n,slashing;fire,,,,3,at-will,
Adult Brass Dragon,13,11-16,action,Fire Breath,save,ranged,y,fire,DEX,half,,1,5-6,
Adult Brass Dragon,13,11-16,legendary,Scorching Sands,save,ranged,n,fire,DEX,other,,1,at-will,
Adult Bronze Dragon,15,11-16,multiattack-swing,Rend,attack,melee,n,slashing;lightning,,,,3,at-will,
Adult Bronze Dragon,15,11-16,action,Lightning Breath,save,ranged,y,lightning,DEX,half,,1,5-6,
Adult Bronze Dragon,15,11-16,legendary,Thunderclap,save,ranged,y,thunder,CON,other,,1,at-will,
Adult Copper Dragon,14,11-16,multiattack-swing,Rend,attack,melee,n,slashing;acid,,,,3,at-will,
Adult Copper Dragon,14,11-16,action,Acid Breath,save,ranged,y,acid,DEX,half,,1,5-6,
Adult Copper Dragon,14,11-16,legendary,Giggling Magic,save,ranged,n,psychic,CHA,other,incapacitated,1,at-will,damage type approx
Adult Green Dragon,15,11-16,multiattack-swing,Rend,attack,melee,n,slashing;poison,,,,3,at-will,
Adult Green Dragon,15,11-16,action,Poison Breath,save,ranged,y,poison,CON,half,,1,5-6,
Adult Green Dragon,15,11-16,legendary,Noxious Miasma,save,ranged,y,poison,CON,other,,1,at-will,
Adult Silver Dragon,16,11-16,multiattack-swing,Rend,attack,melee,n,slashing;cold,,,,3,at-will,
Adult Silver Dragon,16,11-16,action,Cold Breath,save,ranged,y,cold,CON,half,,1,5-6,
Adult Silver Dragon,16,11-16,legendary,Cold Gale,save,ranged,y,cold,DEX,other,,1,at-will,
Adult Silver Dragon,16,11-16,action,Ice Storm (1/Day L5),save,ranged,y,bludgeoning;cold,DEX,half,,1,1/day,2a limited spell (SRD)
Adult White Dragon,13,11-16,multiattack-swing,Rend,attack,melee,n,slashing;cold,,,,3,at-will,
Adult White Dragon,13,11-16,action,Cold Breath,save,ranged,y,cold,CON,half,,1,5-6,
Adult White Dragon,13,11-16,legendary,Freezing Burst,save,ranged,y,cold,CON,other,,1,at-will,
Arcanaloth,12,11-16,multiattack-swing,Fiendish Burst,attack,both,n,necrotic,,,,2,at-will,
Arcanaloth,12,11-16,action,Banishing Claw,attack,melee,n,slashing;psychic,,,,1,at-will,replace-1
Archmage,12,11-16,multiattack-swing,Arcane Burst,attack,both,n,force,,,,4,at-will,1/Day damage spells omitted (negligible per-round)
Archmage,12,11-16,action,Lightning Bolt (2/Day L7),save,ranged,y,lightning,DEX,half,,1,2/day,2a limited spell (SRD)
Archmage,12,11-16,action,Cone of Cold (1/Day L9),save,ranged,y,cold,CON,half,,1,1/day,2a limited spell (SRD)
Archpriest,12,11-16,multiattack-swing,Radiant Burst,attack,both,n,radiant,,,,3,at-will,
Archpriest,12,11-16,action,Holy Word,save,melee,y,radiant,WIS,other,incapacitated,1,4-6,
Archpriest,12,11-16,action,Flame Strike (1/Day L6),save,ranged,y,fire;radiant,DEX,half,,1,1/day,2a limited spell (SRD)
Bandit Crime Lord,11,11-16,multiattack-swing,Scimitar,attack,melee,n,slashing;poison,,,,1.5,at-will,split of 3 attacks (scimitar/pistol)
Bandit Crime Lord,11,11-16,multiattack-swing,Pistol,attack,ranged,n,piercing;poison,,,,1.5,at-will,split of 3 attacks (scimitar/pistol)
Behir,11,11-16,multiattack-swing,Bite,attack,melee,n,piercing;lightning,,,,1,at-will,
Behir,11,11-16,action,Constrict,save,melee,n,bludgeoning,STR,other,grappled,1,at-will,
Behir,11,11-16,action,Lightning Breath,save,ranged,y,lightning,DEX,half,,1,5-6,
Beholder,13,11-16,action,Charm Ray (eye),save,ranged,n,psychic,WIS,other,charmed,0.3,at-will,eye-ray menu approx (3 of ~10 rays/round)
Beholder,13,11-16,action,Enervation Ray (eye),save,ranged,n,necrotic,CON,other,,0.3,at-will,eye-ray menu approx
Beholder,13,11-16,action,Disintegration Ray (eye),save,ranged,n,force,DEX,other,,0.3,at-will,eye-ray menu approx
Beholder,13,11-16,action,Death Ray (eye),save,ranged,n,necrotic,DEX,other,,0.3,at-will,eye-ray menu approx
Dao,11,11-16,multiattack-swing,Earthen Maul,attack,melee,n,bludgeoning,,,,1.5,at-will,split (3 maul or 2 burst)
Dao,11,11-16,multiattack-swing,Earth Burst,attack,ranged,n,bludgeoning,,,,1,at-will,split (3 maul or 2 burst)
Death Knight Aspirant,11,11-16,multiattack-swing,Dread Blade,attack,melee,n,slashing;necrotic,,,,3,at-will,
Death Knight Aspirant,11,11-16,action,Hellfire Orb,save,ranged,y,fire,DEX,half,,1,recharge,
Death Knight Aspirant,11,11-16,action,Destructive Wave (1/Day),save,melee,y,thunder;necrotic,CON,half,,1,1/day,2a limited spell (Necrotic; self-emanation; SRD)
Death Tyrant,14,11-16,action,Charm Ray (eye),save,ranged,n,psychic,WIS,other,charmed,0.3,at-will,eye-ray menu approx
Death Tyrant,14,11-16,action,Enervation Ray (eye),save,ranged,n,necrotic,CON,other,,0.3,at-will,eye-ray menu approx
Death Tyrant,14,11-16,action,Disintegration Ray (eye),save,ranged,n,force,DEX,other,,0.3,at-will,eye-ray menu approx
Death Tyrant,14,11-16,action,Death Ray (eye),save,ranged,n,necrotic,DEX,other,,0.3,at-will,eye-ray menu approx
Djinni,11,11-16,multiattack-swing,Storm Blade,attack,melee,n,slashing;lightning,,,,1.5,at-will,split (storm blade/bolt)
Djinni,11,11-16,multiattack-swing,Storm Bolt,attack,ranged,n,thunder,,,,1.5,at-will,split (storm blade/bolt)
Efreeti,11,11-16,multiattack-swing,Heated Blade,attack,melee,n,slashing;fire,,,,1.5,at-will,split (blade/hurl flame)
Efreeti,11,11-16,multiattack-swing,Hurl Flame,attack,ranged,n,fire,,,,1.5,at-will,split (blade/hurl flame)
Efreeti,11,11-16,action,Wall of Fire (1/Day L7),save,ranged,y,fire,DEX,half,,1,1/day,2a limited spell (SRD)
Erinyes,12,11-16,multiattack-swing,Withering Sword,attack,melee,n,slashing;necrotic,,,,3,at-will,Entangling Rope (restrained) is control-only, not tagged
Githyanki Dracomancer,16,11-16,multiattack-swing,Draconic Strike,attack,both,n,slashing;psychic,,,,3,at-will,2nd damage type approx
Githzerai Psion,12,11-16,multiattack-swing,Psychic Warp,attack,both,n,psychic,,,,3,at-will,
Gulthias Blight,16,11-16,multiattack-swing,Slam,attack,melee,n,bludgeoning,,,,1,at-will,split (slam/thorn volley)
Gulthias Blight,16,11-16,multiattack-swing,Thorn Volley,attack,ranged,n,piercing,,,,1,at-will,split (slam/thorn volley)
Gulthias Blight,16,11-16,action,Life-Draining Root,save,ranged,n,necrotic,CON,other,,1,at-will,
Horned Devil,11,11-16,multiattack-swing,Searing Fork,attack,melee,n,piercing,,,,1.5,at-will,split (fork/hurl flame)
Horned Devil,11,11-16,multiattack-swing,Hurl Flame,attack,ranged,n,fire,,,,1.5,at-will,split (fork/hurl flame)
Ice Devil,14,11-16,multiattack-swing,Ice Spear,attack,both,n,piercing;cold,,,,2,at-will,
Ice Devil,14,11-16,action,Tail,attack,melee,n,bludgeoning;cold,,,,1,at-will,replace-1
Iron Golem,16,11-16,multiattack-swing,Bladed Arm,attack,melee,n,slashing;fire,,,,1,at-will,split (arm/fiery bolt)
Iron Golem,16,11-16,multiattack-swing,Fiery Bolt,attack,ranged,n,fire,,,,1,at-will,split (arm/fiery bolt)
Iron Golem,16,11-16,action,Poison Breath,save,ranged,y,poison,CON,half,,1,recharge,
Marid,11,11-16,multiattack-swing,Aquatic Lash,attack,melee,n,slashing;cold,,,,3,at-will,
Marid,11,11-16,action,Water Jet,save,ranged,y,cold,DEX,half,,1,at-will,
Marilith,16,11-16,multiattack-swing,Pact Blade,attack,melee,n,slashing;necrotic,,,,6,at-will,
Marilith,16,11-16,action,Constrict,save,melee,n,bludgeoning,STR,other,grappled,1,at-will,
Mind Flayer Arcanist,11,11-16,multiattack-swing,Arcane Tentacles,attack,both,n,psychic,,,,3,at-will,
Mind Flayer Arcanist,11,11-16,action,Mind Burst,save,melee,y,psychic,INT,half,stunned,1,recharge,
Mind Flayer Arcanist,11,11-16,action,Fireball (1/Day L5),save,ranged,y,fire,DEX,half,,1,1/day,2a limited spell (SRD)
Mind Flayer Arcanist,11,11-16,action,Lightning Bolt (1/Day L5),save,ranged,y,lightning,DEX,half,,1,1/day,2a limited spell (SRD)
Mummy Lord,15,11-16,multiattack-swing,Rotting Fist,attack,melee,n,bludgeoning;necrotic,,,,0.5,at-will,split (fist or channel) + Dreadful Glare (control)
Mummy Lord,15,11-16,multiattack-swing,Channel Negative Energy,attack,ranged,n,necrotic,,,,0.5,at-will,split (fist or channel)
Mummy Lord,15,11-16,action,Insect Plague (1/Day L7),save,ranged,y,piercing,CON,half,,1,1/day,2a limited spell (SRD)
Mummy Lord,15,11-16,action,Harm (1/Day),save,ranged,n,necrotic,CON,half,,1,1/day,2a limited spell (single-target; SRD)
Nalfeshnee,13,11-16,multiattack-swing,Rend,attack,melee,n,slashing;force,,,,3,at-will,
Nalfeshnee,13,11-16,bonus,Horror Nimbus,save,melee,y,psychic,WIS,half,frightened,1,recharge,
Pirate Admiral,12,11-16,multiattack-swing,Scimitar,attack,melee,n,slashing;poison,,,,1.5,at-will,split (scimitar/pistol)
Pirate Admiral,12,11-16,multiattack-swing,Pistol,attack,ranged,n,piercing,,,,1.5,at-will,split (scimitar/pistol)
Planetar,16,11-16,multiattack-swing,Radiant Sword,attack,melee,n,slashing;radiant,,,,1.5,at-will,split (sword or holy burst)
Planetar,16,11-16,action,Holy Burst,save,ranged,y,radiant,DEX,half,,1,at-will,split (sword or holy burst)
Purple Worm,15,11-16,multiattack-swing,Bite,attack,melee,n,piercing,,,grappled,1,at-will,
Purple Worm,15,11-16,multiattack-swing,Tail Stinger,attack,melee,n,piercing;poison,,,,1,at-will,
Questing Knight,12,11-16,multiattack-swing,Greatsword,attack,melee,n,slashing;radiant,,,,1.5,at-will,split (greatsword/longbow)
Questing Knight,12,11-16,multiattack-swing,Longbow,attack,ranged,n,piercing;radiant,,,,1.5,at-will,split (greatsword/longbow)
Rakshasa,13,11-16,multiattack-swing,Cursed Touch,attack,melee,n,slashing;necrotic,,,,3,at-will,
Rakshasa,13,11-16,action,Baleful Command,save,ranged,y,psychic,WIS,other,frightened,1,recharge,type approx
Remorhaz,11,11-16,action,Bite,attack,melee,n,piercing;fire,,,grappled,1,at-will,
Remorhaz,11,11-16,trait,Heat Aura,auto,melee,y,fire,,,,1,at-will,
Roc,11,11-16,multiattack-swing,Beak,attack,melee,n,piercing,,,,1,at-will,
Roc,11,11-16,action,Talons,attack,melee,n,slashing,,,grappled,1,at-will,replace-1
Salamander Inferno Master,15,11-16,multiattack-swing,Flame Trident,attack,both,n,piercing;fire,,,,2,at-will,
Salamander Inferno Master,15,11-16,action,Inferno,save,ranged,y,fire,DEX,half,,1,recharge,name/save approx
Salamander Inferno Master,15,11-16,trait,Fire Aura,auto,melee,y,fire,,,,1,at-will,
Shadow Dragon (Huge),13,11-16,multiattack-swing,Rend,attack,melee,n,slashing;necrotic,,,,3,at-will,
Shadow Dragon (Huge),13,11-16,action,Shadow Breath,save,ranged,y,necrotic,CON,half,,1,5-6,save approx
Shadow Dragon (Large),13,11-16,multiattack-swing,Rend,attack,melee,n,slashing;necrotic,,,,3,at-will,size variant
Shadow Dragon (Large),13,11-16,action,Shadow Breath,save,ranged,y,necrotic,CON,half,,1,5-6,size variant; save approx
Sphinx of Lore,11,11-16,multiattack-swing,Claw,attack,melee,n,slashing,,,,3,at-will,
Sphinx of Lore,11,11-16,action,Mind-Rending Roar,save,melee,y,psychic,WIS,half,,1,recharge,
Storm Giant,13,11-16,multiattack-swing,Storm Sword,attack,melee,n,slashing;lightning,,,,1,at-will,split (sword/thunderbolt)
Storm Giant,13,11-16,multiattack-swing,Thunderbolt,attack,ranged,n,lightning,,,blinded;deafened,1,at-will,split (sword/thunderbolt)
Storm Giant,13,11-16,action,Lightning Storm,save,ranged,y,lightning,DEX,half,,1,recharge,
Ultroloth,13,11-16,multiattack-swing,Mercurial Whip,attack,melee,n,force,,,,2,at-will,
Ultroloth,13,11-16,action,Hypnotic Gaze,save,ranged,y,psychic,WIS,other,charmed,1,at-will,
Ultroloth,13,11-16,action,Fireball (1/Day L5),save,ranged,y,fire,DEX,half,,1,1/day,2a limited spell (SRD)
Ultroloth,13,11-16,action,Wall of Fire (1/Day),save,ranged,y,fire,DEX,half,,1,1/day,2a limited spell (SRD)
Vampire,13,11-16,multiattack-swing,Grave Strike,attack,melee,n,bludgeoning;necrotic,,,,2,at-will,
Vampire,13,11-16,action,Bite,save,melee,n,necrotic,CON,other,,1,at-will,
Vampire Umbral Lord,15,11-16,multiattack-swing,Grave Strike,attack,melee,n,slashing;necrotic,,,,1,at-will,split (grave strike/sickening ray)
Vampire Umbral Lord,15,11-16,multiattack-swing,Sickening Ray,attack,ranged,n,necrotic,,,poisoned,1,at-will,split (grave strike/sickening ray)
Vampire Umbral Lord,15,11-16,action,Sanguine Drain,save,melee,n,necrotic,CON,other,,1,at-will,
Adult Gold Dragon,17,17+,multiattack-swing,Rend,attack,melee,n,slashing;fire,,,,3,at-will,
Adult Gold Dragon,17,17+,action,Fire Breath,save,ranged,y,fire,DEX,half,,1,5-6,
Adult Gold Dragon,17,17+,legendary,Banish,save,ranged,n,force,CHA,other,incapacitated,1,at-will,
Adult Gold Dragon,17,17+,action,Flame Strike (1/Day),save,ranged,y,fire;radiant,DEX,half,,1,1/day,2a limited spell (SRD)
Adult Red Dragon,17,17+,multiattack-swing,Rend,attack,melee,n,slashing;fire,,,,3,at-will,
Adult Red Dragon,17,17+,action,Fire Breath,save,ranged,y,fire,DEX,half,,1,5-6,
Adult Red Dragon,17,17+,action,Fireball (1/Day),save,ranged,y,fire,DEX,half,,1,1/day,2a limited spell (SRD)
Ancient Black Dragon,21,17+,multiattack-swing,Rend,attack,melee,n,slashing;acid,,,,3,at-will,
Ancient Black Dragon,21,17+,action,Acid Breath,save,ranged,y,acid,DEX,half,,1,5-6,
Ancient Black Dragon,21,17+,legendary,Cloud of Insects,save,ranged,n,poison,DEX,other,,1,at-will,
Ancient Blue Dragon,23,17+,multiattack-swing,Rend,attack,melee,n,slashing;lightning,,,,3,at-will,
Ancient Blue Dragon,23,17+,action,Lightning Breath,save,ranged,y,lightning,DEX,half,,1,5-6,
Ancient Brass Dragon,20,17+,multiattack-swing,Rend,attack,melee,n,slashing;fire,,,,3,at-will,
Ancient Brass Dragon,20,17+,action,Fire Breath,save,ranged,y,fire,DEX,half,,1,5-6,
Ancient Brass Dragon,20,17+,legendary,Scorching Sands,save,ranged,n,fire,DEX,other,,1,at-will,
Ancient Bronze Dragon,22,17+,multiattack-swing,Rend,attack,melee,n,slashing;lightning,,,,3,at-will,
Ancient Bronze Dragon,22,17+,action,Lightning Breath,save,ranged,y,lightning,DEX,half,,1,5-6,
Ancient Bronze Dragon,22,17+,legendary,Thunderclap,save,ranged,y,thunder,CON,other,,1,at-will,
Ancient Copper Dragon,21,17+,multiattack-swing,Rend,attack,melee,n,slashing;acid,,,,3,at-will,
Ancient Copper Dragon,21,17+,action,Acid Breath,save,ranged,y,acid,DEX,half,,1,5-6,
Ancient Copper Dragon,21,17+,legendary,Giggling Magic,save,ranged,n,psychic,CHA,other,incapacitated,1,at-will,type approx
Ancient Gold Dragon,24,17+,multiattack-swing,Rend,attack,melee,n,slashing;fire,,,,3,at-will,
Ancient Gold Dragon,24,17+,action,Fire Breath,save,ranged,y,fire,DEX,half,,1,5-6,
Ancient Gold Dragon,24,17+,legendary,Banish,save,ranged,n,force,CHA,other,incapacitated,1,at-will,
Ancient Gold Dragon,24,17+,action,Flame Strike (1/Day L6),save,ranged,y,fire;radiant,DEX,half,,1,1/day,2a limited spell (SRD)
Ancient Green Dragon,22,17+,multiattack-swing,Rend,attack,melee,n,slashing;poison,,,,3,at-will,
Ancient Green Dragon,22,17+,action,Poison Breath,save,ranged,y,poison,CON,half,,1,5-6,
Ancient Green Dragon,22,17+,legendary,Noxious Miasma,save,ranged,y,poison,CON,other,,1,at-will,
Ancient Red Dragon,24,17+,multiattack-swing,Rend,attack,melee,n,slashing;fire,,,,3,at-will,
Ancient Red Dragon,24,17+,action,Fire Breath,save,ranged,y,fire,DEX,half,,1,5-6,
Ancient Red Dragon,24,17+,action,Fireball (1/Day L6),save,ranged,y,fire,DEX,half,,1,1/day,2a limited spell (SRD)
Ancient Silver Dragon,23,17+,multiattack-swing,Rend,attack,melee,n,slashing;cold,,,,3,at-will,
Ancient Silver Dragon,23,17+,action,Cold Breath,save,ranged,y,cold,CON,half,,1,5-6,
Ancient Silver Dragon,23,17+,legendary,Cold Gale,save,ranged,y,cold,DEX,other,,1,at-will,
Ancient Silver Dragon,23,17+,action,Ice Storm (1/Day L7),save,ranged,y,bludgeoning;cold,DEX,half,,1,1/day,2a limited spell (SRD)
Ancient White Dragon,20,17+,multiattack-swing,Rend,attack,melee,n,slashing;cold,,,,3,at-will,
Ancient White Dragon,20,17+,action,Cold Breath,save,ranged,y,cold,CON,half,,1,5-6,
Ancient White Dragon,20,17+,legendary,Freezing Burst,save,ranged,y,cold,CON,other,,1,at-will,
Dracolich,17,17+,multiattack-swing,Rend,attack,melee,n,slashing;necrotic,,,,3,at-will,
Dracolich,17,17+,action,Necrotic Breath,save,ranged,y,necrotic,CON,half,,1,5-6,
Dracolich,17,17+,action,Finger of Death (1/Day),save,ranged,n,necrotic,CON,half,,1,1/day,2a limited spell (single-target; SRD)
Dracolich (Gargantuan),17,17+,multiattack-swing,Rend,attack,melee,n,slashing;necrotic,,,,3,at-will,
Dracolich (Gargantuan),17,17+,action,Necrotic Breath,save,ranged,y,necrotic,CON,half,,1,5-6,
Dracolich (Gargantuan),17,17+,action,Finger of Death (1/Day),save,ranged,n,necrotic,CON,half,,1,1/day,2a limited spell (single-target; SRD; size variant of Dracolich)
Dragon Turtle,17,17+,multiattack-swing,Bite,attack,melee,n,piercing;fire,,,,2,at-will,
Dragon Turtle,17,17+,multiattack-swing,Tail,attack,melee,n,bludgeoning,,,prone,1,at-will,replace-1
Dragon Turtle,17,17+,action,Steam Breath,save,ranged,y,fire,CON,half,,1,5-6,
Animal Lord,20,17+,multiattack-swing,Rend,attack,melee,n,slashing;force,,,,1,at-will,split 2 attacks Rend/Radiant Ray 50/50
Animal Lord,20,17+,multiattack-swing,Radiant Ray,attack,ranged,n,radiant,,,,1,at-will,split 2 attacks Rend/Radiant Ray 50/50
Animal Lord,20,17+,action,Animal Spirit,save,ranged,n,radiant,DEX,half,,1,at-will,
Animal Lord (Forager),20,17+,multiattack-swing,Rend,attack,melee,n,slashing;force,,,,1,at-will,split 2 attacks Rend/Radiant Ray 50/50
Animal Lord (Forager),20,17+,multiattack-swing,Radiant Ray,attack,ranged,n,radiant,,,,1,at-will,split 2 attacks Rend/Radiant Ray 50/50
Animal Lord (Forager),20,17+,action,Animal Spirit,save,ranged,n,radiant,DEX,half,,1,at-will,
Animal Lord (Hunter),20,17+,multiattack-swing,Rend,attack,melee,n,slashing;force,,,,1,at-will,split 2 attacks Rend/Radiant Ray 50/50
Animal Lord (Hunter),20,17+,multiattack-swing,Radiant Ray,attack,ranged,n,radiant,,,,1,at-will,split 2 attacks Rend/Radiant Ray 50/50
Animal Lord (Hunter),20,17+,action,Animal Spirit,save,ranged,n,radiant,DEX,half,,1,at-will,
Animal Lord (Sage),20,17+,multiattack-swing,Rend,attack,melee,n,slashing;force,,,,1,at-will,split 2 attacks Rend/Radiant Ray 50/50
Animal Lord (Sage),20,17+,multiattack-swing,Radiant Ray,attack,ranged,n,radiant,,,,1,at-will,split 2 attacks Rend/Radiant Ray 50/50
Animal Lord (Sage),20,17+,action,Animal Spirit,save,ranged,n,radiant,DEX,half,,1,at-will,
Animal Lord (Sage),20,17+,action,Sunburst (1/Day),save,ranged,y,radiant,CON,half,blinded,1,1/day,2a limited spell (Sage-only; base/Forager/Hunter do not cast it; SRD)
Arch-hag,21,17+,multiattack-swing,Spectral Claw,attack,both,n,force,,,prone,2,at-will,
Arch-hag,21,17+,action,Crackling Wave,save,ranged,y,lightning,DEX,half,,1,at-will,curse=no-reactions (control)
Arch-hag,21,17+,bonus,Witch Strike,auto,ranged,y,lightning,,,,1,at-will,hits cursed targets
Balor,19,17+,multiattack-swing,Flame Whip,attack,melee,n,force;fire,,,prone,1,at-will,
Balor,19,17+,multiattack-swing,Lightning Blade,attack,melee,n,force;lightning,,,,1,at-will,
Balor,19,17+,trait,Fire Aura,auto,melee,y,fire,,,,1,at-will,Death Throes (death-only) not tagged
Blob of Annihilation,23,17+,multiattack-swing,Pseudopod,attack,melee,n,force,,,,1,at-will,replace-1 (Restraining Glob control)
Blob of Annihilation,23,17+,action,Engulf,save,melee,y,force,STR,other,restrained,1,at-will,engulfed=21 force/turn
Blob of Annihilation,23,17+,legendary,Decay,auto,melee,y,necrotic,,,,1,at-will,to engulfed creatures
Colossus,25,17+,multiattack-swing,Slam,attack,melee,n,bludgeoning,,,,1.5,at-will,3 attacks split Slam/Radiant Ray 50/50
Colossus,25,17+,multiattack-swing,Radiant Ray,attack,ranged,n,radiant,,,prone,1.5,at-will,3 attacks split Slam/Radiant Ray 50/50; legendary extra-attacks uncounted
Colossus,25,17+,action,Divine Beam,save,ranged,y,radiant,DEX,half,,1,5-6,
Death Knight,17,17+,multiattack-swing,Dread Blade,attack,melee,n,slashing;necrotic,,,,3,at-will,
Death Knight,17,17+,action,Hellfire Orb,save,ranged,y,fire;necrotic,DEX,half,,1,5-6,
Death Knight,17,17+,legendary,Fell Word,save,ranged,n,necrotic,CON,other,,1,at-will,
Death Knight,17,17+,action,Destructive Wave (2/Day),save,melee,y,thunder;necrotic,CON,half,,1,2/day,2a limited spell (Necrotic; self-emanation; SRD)
Demilich,18,17+,multiattack-swing,Necrotic Burst,attack,both,n,necrotic,,,,3,at-will,
Demilich,18,17+,action,Howl,save,melee,y,psychic,CON,negates,frightened,1,5-6,emanation->melee
Elemental Cataclysm,22,17+,multiattack-swing,Elemental Burst,attack,both,n,acid,,,,0.4,at-will,2 attacks; type chosen from 5 (split)
Elemental Cataclysm,22,17+,multiattack-swing,Elemental Burst,attack,both,n,cold,,,,0.4,at-will,2 attacks; type chosen from 5 (split)
Elemental Cataclysm,22,17+,multiattack-swing,Elemental Burst,attack,both,n,fire,,,,0.4,at-will,2 attacks; type chosen from 5 (split)
Elemental Cataclysm,22,17+,multiattack-swing,Elemental Burst,attack,both,n,lightning,,,,0.4,at-will,2 attacks; type chosen from 5 (split)
Elemental Cataclysm,22,17+,multiattack-swing,Elemental Burst,attack,both,n,thunder,,,,0.4,at-will,2 attacks; type chosen from 5 (split)
Elemental Cataclysm,22,17+,action,Clinging Flames,save,ranged,y,fire,DEX,half,,0.25,4-6,Cataclysmic Event 1of4 random (split)
Elemental Cataclysm,22,17+,action,Freezing Waves,save,ranged,y,bludgeoning;cold,STR,half,prone,0.25,4-6,Cataclysmic Event 1of4 random (split)
Elemental Cataclysm,22,17+,action,Raging Storm,save,ranged,y,lightning,DEX,half,blinded;deafened,0.25,4-6,Cataclysmic Event 1of4 random (split)
Elemental Cataclysm,22,17+,action,Swallowing Earth,save,ranged,y,bludgeoning;acid,STR,half,prone;restrained,0.25,4-6,Cataclysmic Event 1of4 random (split)
Empyrean (Celestial),23,17+,multiattack-swing,Sacred Weapon,attack,melee,n,force,,,stunned,1,at-will,
Empyrean (Celestial),23,17+,multiattack-swing,Divine Ray,attack,ranged,n,necrotic,,,,0.5,at-will,type choice necrotic/radiant (split)
Empyrean (Celestial),23,17+,multiattack-swing,Divine Ray,attack,ranged,n,radiant,,,,0.5,at-will,type choice necrotic/radiant (split)
Empyrean (Celestial),23,17+,legendary,Shockwave of Glory,save,melee,y,force,CON,half,prone,1,at-will,emanation->melee
Empyrean (Fiend),23,17+,multiattack-swing,Sacred Weapon,attack,melee,n,force,,,stunned,1,at-will,
Empyrean (Fiend),23,17+,multiattack-swing,Divine Ray,attack,ranged,n,necrotic,,,,0.5,at-will,type choice necrotic/radiant (split)
Empyrean (Fiend),23,17+,multiattack-swing,Divine Ray,attack,ranged,n,radiant,,,,0.5,at-will,type choice necrotic/radiant (split)
Empyrean (Fiend),23,17+,legendary,Shockwave of Glory,save,melee,y,force,CON,half,prone,1,at-will,emanation->melee
Goristro,17,17+,multiattack-swing,Brutal Gore,attack,melee,n,piercing,,,prone,1,at-will,
Goristro,17,17+,multiattack-swing,Slam,attack,melee,n,bludgeoning,,,,2,at-will,
Kraken,23,17+,multiattack-swing,Tentacle,attack,melee,n,bludgeoning,,,grappled;restrained,2,at-will,
Kraken,23,17+,action,Fling,save,ranged,n,bludgeoning,DEX,half,prone,0.33,at-will,1-of-3 choice (Fling/Lightning Strike/Swallow)
Kraken,23,17+,action,Lightning Strike,save,ranged,n,lightning,DEX,half,,0.33,at-will,1-of-3 choice
Kraken,23,17+,action,Swallow,save,melee,n,piercing,DEX,other,restrained,0.33,at-will,1-of-3 choice
Lich,21,17+,multiattack-swing,Eldritch Burst,attack,both,n,force,,,,0.75,at-will,3 attacks split Eldritch Burst/Paralyzing Touch 50/50
Lich,21,17+,multiattack-swing,Paralyzing Touch,attack,melee,n,cold,,,paralyzed,0.75,at-will,3 attacks split Eldritch Burst/Paralyzing Touch 50/50
Lich,21,17+,legendary,Disrupt Life,save,melee,y,necrotic,CON,half,,1,at-will,emanation->melee
Lich,21,17+,action,Fireball (at-will L5),save,ranged,y,fire,DEX,half,,0.25,at-will,1b at-will spell alt (0.5 share split 2 spells; SRD)
Lich,21,17+,action,Lightning Bolt (at-will L5),save,ranged,y,lightning,DEX,half,,0.25,at-will,1b at-will spell alt (0.5 share split 2 spells; SRD)
Lich,21,17+,action,Chain Lightning (1/Day),save,ranged,n,lightning,DEX,half,,1,1/day,2a limited spell (up to 4 targets; SRD)
Lich,21,17+,action,Finger of Death (1/Day),save,ranged,n,necrotic,CON,half,,1,1/day,2a limited spell (single-target; SRD)
Pit Fiend,20,17+,multiattack-swing,Bite,both,melee,n,piercing;poison,CON,other,poisoned,1,at-will,attack-then-save; ongoing poison
Pit Fiend,20,17+,multiattack-swing,Devilish Claw,attack,melee,n,necrotic,,,,2,at-will,
Pit Fiend,20,17+,multiattack-swing,Fiery Mace,attack,melee,n,force;fire,,,,1,at-will,
Pit Fiend,20,17+,action,Hellfire Spellcasting,save,ranged,y,fire,DEX,half,,2,4-6,casts Fireball x2; replace-1 control option
Solar,21,17+,multiattack-swing,Flying Sword,attack,both,n,slashing;radiant,,,,1,at-will,replace-1 (Slaying Bow)
Solar,21,17+,action,Slaying Bow,save,ranged,n,piercing;radiant,DEX,other,,1,at-will,death if <=100 HP
Solar,21,17+,legendary,Radiant Teleport,save,melee,y,radiant,DEX,half,,1,at-will,emanation->melee
Sphinx of Valor,17,17+,multiattack-swing,Claw,attack,melee,n,slashing,,,,2,at-will,
Sphinx of Valor,17,17+,action,Third Roar,save,melee,y,thunder,CON,half,prone,1,3/day,Roar 3/Day; first two roars control (untagged)
Tarrasque,30,17+,multiattack-swing,Bite,attack,melee,n,piercing,,,grappled;restrained,1,at-will,
Tarrasque,30,17+,multiattack-swing,Claw,attack,melee,n,slashing,,,,1.5,at-will,3 attacks split Claw/Tail 50/50
Tarrasque,30,17+,multiattack-swing,Tail,attack,melee,n,bludgeoning,,,prone,1.5,at-will,3 attacks split Claw/Tail 50/50
Tarrasque,30,17+,action,Thunderous Bellow,save,ranged,y,thunder,CON,half,deafened;frightened,1,5-6,
Half-Dragon,5,5-10,multiattack-swing,Claw,attack,melee,n,slashing,,,,2,at-will,
Half-Dragon,5,5-10,multiattack-swing,Claw (Draconic rider),attack,melee,n,acid,,,,0.4,at-will,choice-of-type split5 (Draconic Origin)
Half-Dragon,5,5-10,multiattack-swing,Claw (Draconic rider),attack,melee,n,cold,,,,0.4,at-will,choice-of-type split5 (Draconic Origin)
Half-Dragon,5,5-10,multiattack-swing,Claw (Draconic rider),attack,melee,n,fire,,,,0.4,at-will,choice-of-type split5 (Draconic Origin)
Half-Dragon,5,5-10,multiattack-swing,Claw (Draconic rider),attack,melee,n,lightning,,,,0.4,at-will,choice-of-type split5 (Draconic Origin)
Half-Dragon,5,5-10,multiattack-swing,Claw (Draconic rider),attack,melee,n,poison,,,,0.4,at-will,choice-of-type split5 (Draconic Origin)
Half-Dragon,5,5-10,action,Dragon's Breath,save,ranged,y,acid,DEX,half,,0.2,5-6,choice-of-type split5 (Draconic Origin); 30ft cone
Half-Dragon,5,5-10,action,Dragon's Breath,save,ranged,y,cold,DEX,half,,0.2,5-6,choice-of-type split5 (Draconic Origin); 30ft cone
Half-Dragon,5,5-10,action,Dragon's Breath,save,ranged,y,fire,DEX,half,,0.2,5-6,choice-of-type split5 (Draconic Origin); 30ft cone
Half-Dragon,5,5-10,action,Dragon's Breath,save,ranged,y,lightning,DEX,half,,0.2,5-6,choice-of-type split5 (Draconic Origin); 30ft cone
Half-Dragon,5,5-10,action,Dragon's Breath,save,ranged,y,poison,DEX,half,,0.2,5-6,choice-of-type split5 (Draconic Origin); 30ft cone
Wyvern,6,5-10,multiattack-swing,Bite,attack,melee,n,piercing,,,,1,at-will,
Wyvern,6,5-10,multiattack-swing,Sting,attack,melee,n,piercing;poison,,,poisoned,1,at-will,
Young Black Dragon,7,5-10,multiattack-swing,Rend,attack,melee,n,slashing;acid,,,,3,at-will,
Young Black Dragon,7,5-10,action,Acid Breath,save,ranged,y,acid,DEX,half,,1,5-6,
Young Blue Dragon,9,5-10,multiattack-swing,Rend,attack,melee,n,slashing;lightning,,,,3,at-will,
Young Blue Dragon,9,5-10,action,Lightning Breath,save,ranged,y,lightning,DEX,half,,1,5-6,
Young Brass Dragon,6,5-10,multiattack-swing,Rend,attack,melee,n,slashing,,,,3,at-will,
Young Brass Dragon,6,5-10,action,Fire Breath,save,ranged,y,fire,DEX,half,,1,5-6,
Young Bronze Dragon,8,5-10,multiattack-swing,Rend,attack,melee,n,slashing,,,,3,at-will,
Young Bronze Dragon,8,5-10,action,Lightning Breath,save,ranged,y,lightning,DEX,half,,1,5-6,
Young Copper Dragon,7,5-10,multiattack-swing,Rend,attack,melee,n,slashing,,,,3,at-will,
Young Copper Dragon,7,5-10,action,Acid Breath,save,ranged,y,acid,DEX,half,,1,5-6,
Young Gold Dragon,10,5-10,multiattack-swing,Rend,attack,melee,n,slashing,,,,3,at-will,
Young Gold Dragon,10,5-10,action,Fire Breath,save,ranged,y,fire,DEX,half,,1,5-6,
Young Green Dragon,8,5-10,multiattack-swing,Rend,attack,melee,n,slashing;poison,,,,3,at-will,
Young Green Dragon,8,5-10,action,Poison Breath,save,ranged,y,poison,CON,half,,1,5-6,
Young Red Dragon,10,5-10,multiattack-swing,Rend,attack,melee,n,slashing;fire,,,,3,at-will,
Young Red Dragon,10,5-10,action,Fire Breath,save,ranged,y,fire,DEX,half,,1,5-6,
Young Silver Dragon,9,5-10,multiattack-swing,Rend,attack,melee,n,slashing,,,,3,at-will,
Young Silver Dragon,9,5-10,action,Cold Breath,save,ranged,y,cold,CON,half,,1,5-6,
Young White Dragon,6,5-10,multiattack-swing,Rend,attack,melee,n,slashing;cold,,,,3,at-will,
Young White Dragon,6,5-10,action,Cold Breath,save,ranged,y,cold,CON,half,,1,5-6,
Barbed Devil,5,5-10,multiattack-swing,Claws,attack,melee,n,piercing,,,grappled,0.5,at-will,mode-split: Claws+Tail OR 2 Hurl Flame
Barbed Devil,5,5-10,multiattack-swing,Tail,attack,melee,n,slashing,,,,0.5,at-will,mode-split
Barbed Devil,5,5-10,multiattack-swing,Hurl Flame,attack,ranged,n,fire,,,,1,at-will,mode-split (2x0.5)
Barlgura,5,5-10,multiattack-swing,Tormenting Bite,attack,melee,n,piercing;psychic,,,,1,at-will,
Barlgura,5,5-10,multiattack-swing,Thrash,attack,melee,n,bludgeoning,,,prone,2,at-will,
Bone Devil,9,5-10,multiattack-swing,Claw,attack,melee,n,slashing,,,,2,at-will,
Bone Devil,9,5-10,multiattack-swing,Infernal Sting,attack,melee,n,piercing;poison,,,poisoned,1,at-will,
Cambion,5,5-10,multiattack-swing,Claw,attack,melee,n,slashing;fire,,,,1,at-will,Claw or Fire Ray any combo (split)
Cambion,5,5-10,multiattack-swing,Fire Ray,attack,ranged,n,fire,,,,1,at-will,split
Chain Devil,8,5-10,multiattack-swing,Chain,attack,melee,n,slashing,,,grappled;restrained,2,at-will,
Chain Devil,8,5-10,action,Conjure Infernal Chain,attack,melee,n,slashing,,,grappled;restrained,1,at-will,"animated chain, same profile"
Chasme,6,5-10,action,Proboscis,attack,melee,n,piercing;necrotic,,,,1,at-will,HP-max reduction rider; no multiattack
Glabrezu,9,5-10,multiattack-swing,Pincer,attack,melee,n,slashing,,,grappled,2,at-will,
Glabrezu,9,5-10,action,Pummel,save,melee,n,bludgeoning,DEX,half,,0.5,at-will,Pummel OR Spellcasting(no-dmg) 50/50; vs grappled
Gnoll Demoniac,8,5-10,multiattack-swing,Abyssal Strike,attack,both,n,poison,,,,2,at-will,
Gnoll Demoniac,8,5-10,action,Hunger of Yeenoghu,save,ranged,y,necrotic,DEX,negates,,1,5-6,30ft cube zone
Hezrou,8,5-10,multiattack-swing,Rend,attack,melee,n,slashing;poison,,,,3,at-will,
Mezzoloth,5,5-10,multiattack-swing,Claws,attack,melee,n,slashing,,,grappled;restrained,1,at-will,Claws or Trident any combo (split)
Mezzoloth,5,5-10,multiattack-swing,Mercurial Trident,attack,both,n,piercing;force,,,,1,at-will,split
Mezzoloth,5,5-10,action,Cloudkill (1/Day),save,ranged,y,poison,CON,half,,1,1/day,2a limited spell (SRD)
Night Hag,5,5-10,multiattack-swing,Claw,attack,melee,n,slashing,,,,1,at-will,at-will Magic Missile L4 (auto force) alt NOT modeled
Night Hag,5,5-10,action,Magic Missile (at-will),auto,ranged,n,force,,,,0.5,at-will,1b at-will spell alt (auto-hit; SRD)
Night Hag,5,5-10,action,Phantasmal Killer (2/Day),save,ranged,n,psychic,WIS,negates,frightened,1,2/day,2a limited spell (single-target; SRD)
Nycaloth,9,5-10,multiattack-swing,Mercurial Axe,attack,both,n,slashing;force,,,,2,at-will,
Oni,7,5-10,multiattack-swing,Claw,attack,melee,n,slashing;necrotic,,,,1,at-will,Claw or Nightmare Ray (split); replace 1 w/spell unmodeled
Oni,7,5-10,multiattack-swing,Nightmare Ray,attack,ranged,n,psychic,,,frightened,1,at-will,split
Sahuagin Baron,5,5-10,multiattack-swing,Trident,attack,both,n,piercing,,,,3,at-will,
Sahuagin Baron,5,5-10,reaction,Fiendish Blood,save,melee,y,acid,CON,negates,,1,at-will,reaction on taking P/S dmg; 5ft emanation; cursed rider
Spirit Naga,8,5-10,multiattack-swing,Bite,attack,melee,n,piercing;poison,,,,1.5,at-will,Bite or Necrotic Ray any combo (split)
Spirit Naga,8,5-10,multiattack-swing,Necrotic Ray,attack,ranged,n,necrotic,,,,1.5,at-will,split; 2/Day Lightning Bolt omitted
Spirit Naga,8,5-10,action,Lightning Bolt (2/Day L4),save,ranged,y,lightning,DEX,half,,1,2/day,2a limited spell (SRD)
Vrock,6,5-10,multiattack-swing,Shred,attack,melee,n,piercing;poison,,,,2,at-will,
Vrock,6,5-10,action,Spores,save,melee,y,poison,CON,negates,poisoned,1,6,20ft emanation; ongoing poison
Yochlol,10,5-10,multiattack-swing,Caustic Lash,attack,both,n,acid,,,,2,at-will,+Spellcasting Web/Dominate (no-dmg)
Air Elemental,5,5-10,multiattack-swing,Thunderous Slam,attack,melee,n,thunder,,,,2,at-will,
Air Elemental,5,5-10,action,Whirlwind,save,melee,n,thunder,STR,half,prone,1,4-6,single target in space
Azer Pyromancer,6,5-10,multiattack-swing,Flame Burst,attack,both,n,fire,,,,2,at-will,1/Day Fireball + Hellish Rebuke 2/Day omitted
Azer Pyromancer,6,5-10,action,Fireball (1/Day),save,ranged,y,fire,DEX,half,,1,1/day,2a limited spell (SRD)
Cloud Giant,9,5-10,multiattack-swing,Thunderous Mace,attack,melee,n,bludgeoning;thunder,,,,1,at-will,Mace or Thundercloud any combo (split); replace1 spell unmodeled
Cloud Giant,9,5-10,multiattack-swing,Thundercloud,attack,ranged,n,thunder,,,incapacitated,1,at-will,split
Cyclops Oracle,10,5-10,multiattack-swing,Radiant Strike,attack,melee,n,radiant,,,,1.5,at-will,Radiant Strike or Flash of Light any combo (split)
Cyclops Oracle,10,5-10,multiattack-swing,Flash of Light,attack,ranged,n,radiant,,,,1.5,at-will,split; disadvantage rider
Cyclops Sentry,6,5-10,multiattack-swing,Stone Club,attack,melee,n,bludgeoning,,,prone,1,at-will,Club or Rock any combo (split)
Cyclops Sentry,6,5-10,multiattack-swing,Rock,attack,ranged,n,bludgeoning,,,,1,at-will,split
Earth Elemental,5,5-10,multiattack-swing,Slam,attack,melee,n,bludgeoning,,,,1,at-will,Slam or Rock Launch any combo (split)
Earth Elemental,5,5-10,multiattack-swing,Rock Launch,attack,ranged,n,bludgeoning,,,prone,1,at-will,split
Fire Elemental,5,5-10,multiattack-swing,Burn,attack,melee,n,fire,,,,2,at-will,ongoing burning
Fire Giant,9,5-10,multiattack-swing,Flame Sword,attack,melee,n,slashing;fire,,,,1,at-will,Sword or Hammer Throw any combo (split)
Fire Giant,9,5-10,multiattack-swing,Hammer Throw,attack,ranged,n,bludgeoning;fire,,,,1,at-will,split
Fomorian,8,5-10,multiattack-swing,Stone Club,attack,melee,n,bludgeoning,,,,1,at-will,replace1 attack w/ Warping Hex
Fomorian,8,5-10,action,Warping Hex,save,ranged,n,psychic,WIS,half,exhaustion,1,4-6,single target within 120ft
Frost Giant,8,5-10,multiattack-swing,Frost Axe,attack,melee,n,slashing;cold,,,,1,at-will,Axe or Great Bow any combo (split)
Frost Giant,8,5-10,multiattack-swing,Great Bow,attack,ranged,n,piercing;cold,,,,1,at-will,split; speed-decrease rider
Galeb Duhr,6,5-10,action,Avalanche Slam,attack,melee,n,bludgeoning,,,prone,1,at-will,prone conditional on charge; no multiattack
Hill Giant,5,5-10,multiattack-swing,Tree Club,attack,melee,n,bludgeoning,,,prone,1,at-will,Club or Trash Lob any combo (split)
Hill Giant,5,5-10,multiattack-swing,Trash Lob,attack,ranged,n,bludgeoning,,,poisoned,1,at-will,split
Invisible Stalker,6,5-10,multiattack-swing,Wind Swipe,attack,melee,n,force,,,,2,at-will,replace1 attack w/ Vortex
Invisible Stalker,6,5-10,action,Vortex,save,melee,n,thunder,CON,negates,grappled,1,at-will,single target in space; ongoing thunder
Merfolk Wavebender,6,5-10,multiattack-swing,Aquatic Burst,attack,both,n,cold,,,prone,2,at-will,+Spellcasting (control/limited) omitted
Salamander,5,5-10,multiattack-swing,Flame Spear,attack,both,n,piercing;fire,,,,1,at-will,replace1 attack w/ Constrict
Salamander,5,5-10,action,Constrict,save,melee,n,bludgeoning;fire,STR,negates,grappled,1,at-will,single target within 10ft
Stone Giant,7,5-10,multiattack-swing,Stone Club,attack,melee,n,bludgeoning,,,,1,at-will,Club or Boulder any combo (split)
Stone Giant,7,5-10,multiattack-swing,Boulder,attack,ranged,n,bludgeoning,,,prone,1,at-will,split; Deflect Missile reaction omitted
Troll,5,5-10,multiattack-swing,Rend,attack,melee,n,slashing,,,,3,at-will,
Water Elemental,5,5-10,multiattack-swing,Slam,attack,melee,n,bludgeoning,,,prone,2,at-will,
Water Elemental,5,5-10,action,Whelm,save,melee,y,bludgeoning,STR,half,grappled,1,4-6,each creature in space
Xorn,5,5-10,multiattack-swing,Bite,attack,melee,n,piercing,,,,1,at-will,
Xorn,5,5-10,multiattack-swing,Claw,attack,melee,n,slashing,,,,3,at-will,
Aboleth,10,5-10,multiattack-swing,Tentacle,attack,melee,n,bludgeoning,,,grappled,2,at-will,
Aboleth,10,5-10,action,Consume Memories,save,ranged,n,psychic,INT,half,,0.5,at-will,Consume or Dominate(no-dmg) 50/50; vs charmed/grappled; leg Lash/Psychic-Drain not tagged (extra-atk/recast)
Blue Slaad,7,5-10,multiattack-swing,Mutating Claw,attack,melee,n,slashing;poison,,,,3,at-will,
Cloaker,8,5-10,multiattack-swing,Attach,attack,melee,n,piercing,,,blinded,1,at-will,
Cloaker,8,5-10,multiattack-swing,Tail,attack,melee,n,slashing,,,,2,at-will,
Death Slaad,10,5-10,multiattack-swing,Chaos Blade,attack,melee,n,slashing;necrotic,,,,2,at-will,spellcasting (limited) omitted
Death Slaad,10,5-10,action,Blight (1/Day L8),save,ranged,n,necrotic,CON,half,,1,1/day,2a limited spell (single-target; SRD)
Death Slaad,10,5-10,action,Cloudkill (1/Day L6),save,ranged,y,poison,CON,half,,1,1/day,2a limited spell (SRD)
Githyanki Knight,8,5-10,multiattack-swing,Silver Sword,attack,melee,n,slashing;psychic,,,,3,at-will,replace1 w/ Telekinesis unmodeled
Githzerai Zerth,6,5-10,multiattack-swing,Psi Strike,attack,melee,n,bludgeoning;psychic,,,,2,at-will,1/Day spells omitted
Gray Slaad,9,5-10,multiattack-swing,Chaos Claw,attack,melee,n,slashing;necrotic,,,,2,at-will,spellcasting (limited) omitted
Gray Slaad,9,5-10,action,Cloudkill (1/Day),save,ranged,y,poison,CON,half,,1,1/day,2a limited spell (SRD)
Green Slaad,8,5-10,multiattack-swing,Chaos Staff,attack,both,n,force,,,,3,at-will,spellcasting (limited) omitted
Green Slaad,8,5-10,action,Fireball (1/Day),save,ranged,y,fire,DEX,half,,1,1/day,2a limited spell (SRD)
Grick Ancient,7,5-10,multiattack-swing,Beak,attack,melee,n,piercing,,,,1,at-will,
Grick Ancient,7,5-10,multiattack-swing,Slam,attack,melee,n,bludgeoning,,,prone,1,at-will,
Grick Ancient,7,5-10,multiattack-swing,Tentacles,attack,melee,n,slashing,,,,1,at-will,
Kuo-toa Archpriest,6,5-10,multiattack-swing,Strange Scepter,attack,both,n,lightning,,,,3,at-will,1/Day Destructive Wave omitted
Kuo-toa Archpriest,6,5-10,action,Destructive Wave (1/Day),save,melee,y,thunder;radiant,CON,half,,1,1/day,2a limited spell (self-emanation; SRD)
Mind Flayer,7,5-10,action,Tentacles,attack,melee,n,psychic,,,grappled;stunned,1,at-will,no multiattack (1 action/round); Extract Brain finisher not tagged
Mind Flayer,7,5-10,action,Mind Blast,save,ranged,y,psychic,INT,half,stunned,1,5-6,60ft cone signature AoE
Otyugh,5,5-10,multiattack-swing,Bite,attack,melee,n,piercing,,,poisoned,1,at-will,
Otyugh,5,5-10,multiattack-swing,Tentacle,attack,melee,n,piercing,,,grappled,2,at-will,
Red Slaad,5,5-10,multiattack-swing,Injecting Claw,attack,melee,n,piercing,,,,3,at-will,
Roper,5,5-10,multiattack-swing,Bite,attack,melee,n,piercing,,,,2,at-will,Tentacle (no-dmg ranged 60ft grapple+poison) not tagged
Abominable Yeti,9,5-10,action,Chilling Gaze,save,ranged,n,cold,CON,negates,paralyzed,1,at-will,part of multiattack (gaze + 2 atk)
Abominable Yeti,9,5-10,multiattack-swing,Claw,attack,melee,n,slashing;cold,,,,1,at-will,Claw or Ice Throw any combo (split)
Abominable Yeti,9,5-10,multiattack-swing,Ice Throw,attack,ranged,n,bludgeoning;cold,,,,1,at-will,split
Bulette,5,5-10,multiattack-swing,Bite,attack,melee,n,piercing,,,,2,at-will,Deadly Leap (alt action) not tagged
Chimera,6,5-10,multiattack-swing,Ram,attack,melee,n,bludgeoning,,,prone,1,at-will,
Chimera,6,5-10,multiattack-swing,Bite,attack,melee,n,piercing,,,,1,at-will,
Chimera,6,5-10,multiattack-swing,Claw,attack,melee,n,slashing,,,,1,at-will,
Chimera,6,5-10,action,Fire Breath,save,ranged,y,fire,DEX,half,,1,5-6,15ft cone; replaces Claw
Cockatrice Regent,8,5-10,multiattack-swing,Petrifying Bite,attack,melee,n,piercing,,,petrified,1,at-will,CON save petrification rider
Cockatrice Regent,8,5-10,multiattack-swing,Talons,attack,melee,n,slashing,,,,2,at-will,
Drider,6,5-10,multiattack-swing,Foreleg,attack,melee,n,piercing,,,,1.5,at-will,Foreleg or Poison Burst any combo (split)
Drider,6,5-10,multiattack-swing,Poison Burst,attack,ranged,n,poison,,,,1.5,at-will,split
Giant Axe Beak,5,5-10,multiattack-swing,Sharpened Beak,attack,melee,n,slashing,,,,1,at-will,5ft splash slashing
Giant Axe Beak,5,5-10,multiattack-swing,Talons,attack,melee,n,piercing,,,prone,1,at-will,
Hydra,8,5-10,multiattack-swing,Bite,attack,melee,n,piercing,,,,5,at-will,one Bite per head (5 heads)
Medusa,6,5-10,multiattack-swing,Claw,attack,melee,n,slashing,,,,1,at-will,mode-split: 2Claw+SnakeHair OR 3 Poison Ray
Medusa,6,5-10,multiattack-swing,Snake Hair,attack,melee,n,piercing;poison,,,,0.5,at-will,mode-split
Medusa,6,5-10,multiattack-swing,Poison Ray,attack,ranged,n,poison,,,,1.5,at-will,mode-split; Petrifying Gaze (no-dmg) not tagged
Primeval Owlbear,7,5-10,multiattack-swing,Ravage,attack,melee,n,slashing,,,,2,at-will,
Thri-kreen Psion,8,5-10,multiattack-swing,Psionic Lance,attack,both,n,psychic,,,,3,at-will,1/Day Synaptic Static omitted
Thri-kreen Psion,8,5-10,action,Synaptic Static (1/Day),save,ranged,y,psychic,INT,half,,1,1/day,2a limited spell (SRD)
Umber Hulk,5,5-10,multiattack-swing,Rend,attack,melee,n,slashing,,,,3,at-will,Confusing Gaze (no-dmg) not tagged
Werebear,5,5-10,multiattack-swing,Bite,attack,melee,n,piercing,,,,1,at-will,replace1 attack w/ Bite
Werebear,5,5-10,multiattack-swing,Handaxe,attack,both,n,slashing,,,,0.5,at-will,Handaxe or Rend any combo (split)
Werebear,5,5-10,multiattack-swing,Rend,attack,melee,n,slashing,,,,0.5,at-will,split
Young Remorhaz,5,5-10,action,Bite,attack,melee,n,piercing;fire,,,,1,at-will,"single Bite, no multiattack"
Yuan-ti Abomination,7,5-10,multiattack-swing,Bite,attack,melee,n,piercing;poison,,,,2,at-will,
Yuan-ti Abomination,7,5-10,action,Poison Spray,save,ranged,y,poison,CON,half,poisoned,1,5-6,30ft cone; Constrict (alt action) not tagged
Giant Ape,7,5-10,multiattack-swing,Fist,attack,melee,n,bludgeoning,,,,2,at-will,
Giant Ape,7,5-10,action,Boulder Toss (Recharge 6),save,ranged,y,bludgeoning,DEX,half,prone,1,6,5-ft-radius sphere at 90ft
Giant Crocodile,5,5-10,multiattack-swing,Bite,attack,melee,n,piercing,,,grappled,1,at-will,
Giant Crocodile,5,5-10,multiattack-swing,Tail,attack,melee,n,bludgeoning,,,,1,at-will,
Giant Shark,5,5-10,multiattack-swing,Bite,attack,melee,n,piercing,,,,2,at-will,advantage vs damaged target
Giant Squid,6,5-10,multiattack-swing,Bite,attack,melee,n,piercing,,,,1,at-will,
Giant Squid,6,5-10,multiattack-swing,Tentacle,attack,melee,n,bludgeoning,,,grappled,1,at-will,Ink Cloud (no-dmg reaction) not tagged
Mammoth,6,5-10,multiattack-swing,Gore,attack,melee,n,piercing,,,prone,2,at-will,prone on 20ft charge
Mammoth,6,5-10,bonus,Trample,save,melee,n,bludgeoning,DEX,half,,1,at-will,needs prone target within 5ft
Triceratops,5,5-10,multiattack-swing,Gore,attack,melee,n,piercing,,,prone,2,at-will,extra 2d8 pierce + prone on 20ft charge
Tyrannosaurus Rex,8,5-10,multiattack-swing,Bite,attack,melee,n,piercing,,,grappled,1,at-will,
Tyrannosaurus Rex,8,5-10,multiattack-swing,Tail,attack,melee,n,bludgeoning,,,prone,1,at-will,
Brazen Gorgon,9,5-10,multiattack-swing,Gore,attack,melee,n,piercing;fire,,,,2,at-will,
Brazen Gorgon,9,5-10,action,Smelting Charge (Recharge 5-6),save,melee,y,piercing;fire,DEX,negates,grappled;restrained;prone,1,5-6,move-through line; pulls+grapples
Gorgon,5,5-10,action,Gore,attack,melee,n,piercing,,,prone,1,at-will,no multiattack; Petrifying Breath (no-dmg cone) not tagged
Gorgon,5,5-10,bonus,Trample,save,melee,n,bludgeoning,DEX,half,,1,at-will,needs prone target within 5ft
Flesh Golem,5,5-10,multiattack-swing,Slam,attack,melee,n,bludgeoning;lightning,,,,2,at-will,
Clay Golem,9,5-10,multiattack-swing,Slam,attack,melee,n,bludgeoning;acid,,,,2,at-will,3rd Slam only if Hasten used (omitted); HP-max drain rider
Stone Golem,10,5-10,multiattack-swing,Slam,attack,melee,n,bludgeoning;force,,,,1,at-will,Slam/Force Bolt any combo (split)
Stone Golem,10,5-10,multiattack-swing,Force Bolt,attack,ranged,n,force,,,,1,at-will,split
Shield Guardian,7,5-10,multiattack-swing,Fist,attack,melee,n,bludgeoning;force,,,,2,at-will,Protection (no-dmg reaction) not tagged
Shambling Mound,5,5-10,multiattack-swing,Charged Tendril,attack,melee,n,bludgeoning;lightning,,,,2,at-will,replace1 attack w/ Engulf
Shambling Mound,5,5-10,action,Engulf,save,melee,n,lightning,STR,negates,grappled;blinded;restrained,1,at-will,ongoing lightning while grappled
Treant,9,5-10,multiattack-swing,Slam,attack,melee,n,bludgeoning,,,,1,at-will,Hail of Bark (alt ranged action) not tagged
Treant,9,5-10,action,Hail of Bark,attack,ranged,n,piercing,,,,0.5,at-will,1b at-will action alt (x0.5)
Tree Blight,7,5-10,multiattack-swing,Branch,attack,melee,n,bludgeoning,,,,2,at-will,
Tree Blight,7,5-10,action,Grasping Root,save,melee,n,bludgeoning,STR,negates,grappled,1,at-will,folded into multiattack; ongoing bludg while grappled
Tree Blight,7,5-10,bonus,Gnash,save,melee,n,piercing,DEX,half,,1,at-will,needs grappled target
Violet Fungus Necrohulk,7,5-10,multiattack-swing,Rotting Slam,attack,melee,n,bludgeoning;necrotic,,,,2,at-will,
Violet Fungus Necrohulk,7,5-10,action,Spore Bomb (Recharge 5-6),save,ranged,y,necrotic,CON,half,poisoned,1,5-6,20ft-radius sphere at 60ft; Absorb Body (no-dmg bonus) not tagged
Centaur Warden,7,5-10,multiattack-swing,Forest Staff,attack,melee,n,bludgeoning;poison,,,,1,at-will,Forest Staff/Sun Ray any combo (split)
Centaur Warden,7,5-10,multiattack-swing,Sun Ray,attack,ranged,n,radiant,,,blinded,1,at-will,split
Centaur Warden,7,5-10,bonus,Entangling Trail (Recharge 5-6),save,melee,y,bludgeoning,STR,negates,restrained,1,5-6,move-through; each creature within 5ft
Dire Worg,10,5-10,multiattack-swing,Bite,attack,melee,n,piercing;poison,,,poisoned,3,at-will,
Dire Worg,10,5-10,action,Dreadful Howl (Recharge 5-6),save,ranged,y,psychic,WIS,half,frightened,1,5-6,30ft emanation
Hobgoblin Warlord,6,5-10,multiattack-swing,Javelin,attack,both,n,piercing,,,,1.5,at-will,Javelin/Longsword any combo (split); speed-reduce rider
Hobgoblin Warlord,6,5-10,multiattack-swing,Longsword,attack,melee,n,slashing,,,,1.5,at-will,split
Pixie Wonderbringer,5,5-10,multiattack-swing,Faerie Dust,attack,both,n,radiant,,,charmed;poisoned,2,at-will,choice charmed/poisoned rider; spells (no-dmg) not tagged
Satyr Revelmaster,6,5-10,multiattack-swing,Prance,attack,melee,n,bludgeoning,,,charmed,3,at-will,
Satyr Revelmaster,6,5-10,action,Fey Melody (Recharge 4-6),save,ranged,y,psychic,WIS,negates,frightened,1,4-6,60ft emanation; frightening mode (charming mode no-dmg)
Deva,10,5-10,multiattack-swing,Holy Mace,attack,melee,n,bludgeoning;radiant,,,,2,at-will,
Guardian Naga,10,5-10,multiattack-swing,Bite,attack,melee,n,piercing;poison,,,,1,at-will,replace any attack w/ Poisonous Spittle
Guardian Naga,10,5-10,action,Poisonous Spittle,save,ranged,n,poison,CON,half,blinded,1,at-will,single target within 60ft
Guardian Naga,10,5-10,action,Flame Strike (1/Day L6),save,ranged,y,fire;radiant,DEX,half,,1,1/day,2a limited spell (SRD)
Sphinx of Secrets,8,5-10,multiattack-swing,Claw,attack,melee,n,slashing;radiant,,,,2,at-will,replace1 attack w/ Curse of the Riddle
Sphinx of Secrets,8,5-10,action,Curse of the Riddle,save,ranged,n,psychic,INT,negates,,1,at-will,curse rider (disadv; not a std condition)
Unicorn,5,5-10,multiattack-swing,Hooves,attack,melee,n,bludgeoning,,,,1,at-will,
Unicorn,5,5-10,multiattack-swing,Radiant Horn,attack,melee,n,radiant,,,,1,at-will,legendary Charging Horn (re-attack) not tagged per ref6
Beholder Zombie,5,5-10,action,Fear Ray,save,ranged,n,psychic,WIS,negates,frightened,0.25,at-will,Eye Rays x2 from 4-ray menu (split); Bite (alt) + Paralyzing Ray (no-dmg) not tagged
Beholder Zombie,5,5-10,action,Enervation Ray,save,ranged,n,necrotic,CON,half,poisoned,0.25,at-will,eye-ray menu split
Beholder Zombie,5,5-10,action,Disintegration Ray,save,ranged,n,force,DEX,half,,0.25,at-will,eye-ray menu split
Beholder Zombie,5,5-10,action,Bite,attack,melee,n,piercing,,,,0.5,at-will,1b at-will alt (Bite vs eye-ray menu x0.5)
Ghast Gravecaller,6,5-10,multiattack-swing,Horrific Necrosis,attack,both,n,necrotic,,,frightened,1,at-will,replace1 attack w/ Claw
Ghast Gravecaller,6,5-10,multiattack-swing,Claw,attack,melee,n,slashing,,,paralyzed,1,at-will,split
Graveyard Revenant,7,5-10,multiattack-swing,Suffocate,attack,melee,n,bludgeoning;necrotic,,,grappled,2,at-will,Haunting Glare (no-dmg emanation) not tagged
Haunting Revenant,10,5-10,multiattack-swing,Object Slam,attack,both,n,bludgeoning,,,,2,at-will,Invitation (no-dmg cone) not tagged
Revenant,5,5-10,multiattack-swing,Slam,attack,melee,n,necrotic,,,,2,at-will,Vengeful Glare (no-dmg) folded in multiattack not tagged
Vampire Nightbringer,8,5-10,multiattack-swing,Bite,attack,melee,n,piercing;necrotic,,,,1,at-will,HP drain
Vampire Nightbringer,8,5-10,multiattack-swing,Shadow Strike,attack,melee,n,slashing;cold,,,,1,at-will,
Vampire Spawn,5,5-10,multiattack-swing,Claw,attack,melee,n,slashing,,,grappled,2,at-will,
Vampire Spawn,5,5-10,action,Bite,save,melee,n,piercing;necrotic,CON,negates,,1,at-will,folded in multiattack; HP drain; needs grappled/willing target
Wraith,5,5-10,action,Life Drain,attack,melee,n,necrotic,,,,1,at-will,no multiattack; HP drain; Create Specter (summon) not tagged
Gladiator,5,5-10,multiattack-swing,Spear,attack,both,n,piercing,,,,2,at-will,replace1 attack w/ Shield Bash
Gladiator,5,5-10,action,Shield Bash,save,melee,n,bludgeoning,STR,negates,prone,1,at-will,
Assassin,8,5-10,multiattack-swing,Shortsword,attack,melee,n,piercing;poison,,,poisoned,1.5,at-will,Shortsword/Light Crossbow any combo (split)
Assassin,8,5-10,multiattack-swing,Light Crossbow,attack,ranged,n,piercing;poison,,,,1.5,at-will,split
Bandit Deceiver,7,5-10,multiattack-swing,Dagger,attack,both,n,piercing;poison,,,,3,at-will,
Bandit Deceiver,7,5-10,action,Blinding Flash (Recharge 4-6),save,ranged,y,radiant,CON,half,blinded,1,4-6,10ft-radius sphere at 120ft
Berserker Commander,8,5-10,multiattack-swing,Greataxe,attack,melee,n,slashing;thunder,,,,1.5,at-will,Greataxe/Javelin any combo (split)
Berserker Commander,8,5-10,multiattack-swing,Javelin,attack,both,n,piercing,,,,1.5,at-will,split; speed-reduce rider
Pirate Captain,6,5-10,multiattack-swing,Rapier,attack,melee,n,piercing,,,,1.5,at-will,Rapier/Pistol any combo (split); Captains Charm (no-dmg) + Riposte (cond reaction) not tagged
Pirate Captain,6,5-10,multiattack-swing,Pistol,attack,ranged,n,piercing,,,,1.5,at-will,split
Warrior Commander,10,5-10,multiattack-swing,Greatsword,attack,melee,n,slashing,,,,1.5,at-will,Greatsword/Longbow any combo (split); Sap/Maneuver control riders
Warrior Commander,10,5-10,multiattack-swing,Longbow,attack,ranged,n,piercing,,,,1.5,at-will,split; speed-reduce rider
Mage,6,5-10,multiattack-swing,Arcane Burst,attack,both,n,force,,,,3,at-will,2/Day Fireball + 1/Day Cone of Cold omitted
Mage,6,5-10,action,Fireball (2/Day L4),save,ranged,y,fire,DEX,half,,1,2/day,2a limited spell (SRD)
Mage,6,5-10,action,Cone of Cold (1/Day),save,ranged,y,cold,CON,half,,1,1/day,2a limited spell (SRD)
Aberrant Cultist,8,5-10,multiattack-swing,Tentacle Lash,attack,melee,n,slashing;psychic,,,grappled;restrained,1,at-will,replace any attack w/ Mind Rot
Aberrant Cultist,8,5-10,action,Mind Rot,save,ranged,n,psychic,WIS,half,poisoned,1,at-will,single target within 90ft
Death Cultist,8,5-10,multiattack-swing,Dread Scythe,attack,melee,n,slashing;necrotic,,,,1.5,at-will,Dread Scythe/Deathly Ray any combo (split); no-heal rider
Death Cultist,8,5-10,multiattack-swing,Deathly Ray,attack,ranged,n,necrotic,,,,1.5,at-will,split
Death Cultist,8,5-10,bonus,Spirit Wail (Recharge 5-6),save,ranged,y,psychic,WIS,half,frightened,1,5-6,20ft emanation
Elemental Cultist,8,5-10,multiattack-swing,Elemental Flail,attack,melee,n,acid,,,,0.3,at-will,Flail/Claw any combo (split2); choice-of-type split5
Elemental Cultist,8,5-10,multiattack-swing,Elemental Flail,attack,melee,n,cold,,,,0.3,at-will,choice-of-type split5
Elemental Cultist,8,5-10,multiattack-swing,Elemental Flail,attack,melee,n,fire,,,,0.3,at-will,choice-of-type split5
Elemental Cultist,8,5-10,multiattack-swing,Elemental Flail,attack,melee,n,lightning,,,,0.3,at-will,choice-of-type split5
Elemental Cultist,8,5-10,multiattack-swing,Elemental Flail,attack,melee,n,thunder,,,,0.3,at-will,choice-of-type split5
Elemental Cultist,8,5-10,multiattack-swing,Elemental Claw,attack,ranged,n,acid,,,,0.3,at-will,Flail/Claw any combo (split2); choice-of-type split5; forced-move rider
Elemental Cultist,8,5-10,multiattack-swing,Elemental Claw,attack,ranged,n,cold,,,,0.3,at-will,choice-of-type split5
Elemental Cultist,8,5-10,multiattack-swing,Elemental Claw,attack,ranged,n,fire,,,,0.3,at-will,choice-of-type split5
Elemental Cultist,8,5-10,multiattack-swing,Elemental Claw,attack,ranged,n,lightning,,,,0.3,at-will,choice-of-type split5
Elemental Cultist,8,5-10,multiattack-swing,Elemental Claw,attack,ranged,n,thunder,,,,0.3,at-will,choice-of-type split5
Fiend Cultist,8,5-10,multiattack-swing,Pact Axe,attack,melee,n,slashing;fire,,,,1.5,at-will,at-will Scorching Ray + 2/Day Fireball omitted (alt to multiattack)
Fiend Cultist,8,5-10,action,Scorching Ray (at-will L5),attack,ranged,n,fire,,,,3,at-will,1b at-will spell alt (6 rays x0.5; SRD)
Fiend Cultist,8,5-10,action,Fireball (2/Day L6),save,ranged,y,fire,DEX,half,,1,2/day,2a limited spell (SRD)
Cultist Hierophant,10,5-10,multiattack-swing,Pact Blade,attack,melee,n,slashing;radiant,,,,1.5,at-will,Pact Blade/Radiant Ray any combo (split)
Cultist Hierophant,10,5-10,multiattack-swing,Radiant Ray,attack,ranged,n,radiant,,,,1.5,at-will,split
Noble Prodigy,10,5-10,multiattack-swing,Beguiling Strike,attack,both,n,psychic,,,charmed,3,at-will,
Noble Prodigy,10,5-10,action,Shatter (1/Day L7),save,ranged,y,thunder,CON,half,,1,1/day,2a limited spell (SRD)
Performer Legend,10,5-10,multiattack-swing,Bejeweled Baton,attack,melee,n,bludgeoning;psychic,,,,1.5,at-will,Majestic Song (at-will AoE alt to multiattack) not tagged
Performer Legend,10,5-10,action,Majestic Song,save,ranged,y,psychic,WIS,negates,charmed;frightened,0.5,at-will,1b at-will AoE alt (x0.5)
Performer Maestro,6,5-10,multiattack-swing,Rapier,attack,melee,n,piercing;psychic,,,,1.5,at-will,Beguiling Song (at-will AoE alt to multiattack) not tagged
Performer Maestro,6,5-10,action,Beguiling Song,save,ranged,y,psychic,WIS,negates,charmed,0.5,at-will,1b at-will AoE alt (x0.5)
Spy Master,10,5-10,multiattack-swing,Rapier,attack,melee,n,piercing;poison,,,,1.5,at-will,Rapier/Hand Crossbow any combo (split)
Spy Master,10,5-10,multiattack-swing,Hand Crossbow,attack,ranged,n,piercing;poison,,,,1.5,at-will,split
Spy Master,10,5-10,action,Smoke Bomb (1/Day),save,ranged,y,poison,CON,half,blinded,1,1/day,20ft-radius sphere at 30ft
Allosaurus,2,0-4,multiattack-swing,Bite,attack,melee,n,piercing,,,,1,at-will,
Ankylosaurus,3,0-4,multiattack-swing,Tail,attack,melee,n,bludgeoning,,,prone,2,at-will,
Ape,1/2,0-4,multiattack-swing,Fist,attack,melee,n,bludgeoning,,,,2,at-will,
Ape,1/2,0-4,multiattack-swing,Rock (Recharge 6),attack,ranged,n,bludgeoning,,,,1,6,
Archelon,4,0-4,multiattack-swing,Bite,attack,melee,n,piercing,,,,2,at-will,
Baboon,0,0-4,multiattack-swing,Bite,attack,melee,n,piercing,,,,1,at-will,
Badger,0,0-4,multiattack-swing,Bite,attack,melee,n,piercing,,,,1,at-will,
Bat,0,0-4,multiattack-swing,Bite,attack,melee,n,piercing,,,,1,at-will,
Black Bear,1/2,0-4,multiattack-swing,Rend,attack,melee,n,slashing,,,,2,at-will,
Blood Hawk,1/8,0-4,multiattack-swing,Beak,attack,melee,n,piercing,,,,1,at-will,
Boar,1/4,0-4,multiattack-swing,Gore,attack,melee,n,piercing,,,prone,1,at-will,
Brown Bear,1,0-4,multiattack-swing,Bite,attack,melee,n,piercing,,,,1,at-will,
Brown Bear,1,0-4,multiattack-swing,Claw,attack,melee,n,slashing,,,prone,1,at-will,
Camel,1/8,0-4,multiattack-swing,Bite,attack,melee,n,bludgeoning,,,,1,at-will,
Cat,0,0-4,multiattack-swing,Scratch,attack,melee,n,slashing,,,,1,at-will,
Constrictor Snake,1/4,0-4,multiattack-swing,Bite,attack,melee,n,piercing,,,,1,at-will,
Crab,0,0-4,multiattack-swing,Claw,attack,melee,n,bludgeoning,,,,1,at-will,
Crocodile,1/2,0-4,multiattack-swing,Bite,attack,melee,n,piercing,,,grappled;restrained,1,at-will,
Deer,0,0-4,multiattack-swing,Ram,attack,melee,n,bludgeoning,,,,1,at-will,
Dire Wolf,1,0-4,multiattack-swing,Bite,attack,melee,n,piercing,,,prone,1,at-will,
Draft Horse,1/4,0-4,multiattack-swing,Hooves,attack,melee,n,bludgeoning,,,,1,at-will,
Eagle,0,0-4,multiattack-swing,Talons,attack,melee,n,slashing,,,,1,at-will,
Elephant,4,0-4,multiattack-swing,Gore,attack,melee,n,piercing,,,prone,2,at-will,
Elk,1/4,0-4,multiattack-swing,Ram,attack,melee,n,bludgeoning,,,prone,1,at-will,
Frog,0,0-4,multiattack-swing,Bite,attack,melee,n,piercing,,,,1,at-will,
Giant Badger,1/4,0-4,multiattack-swing,Bite,attack,melee,n,piercing,,,,1,at-will,
Giant Bat,1/4,0-4,multiattack-swing,Bite,attack,melee,n,piercing,,,,1,at-will,
Giant Boar,2,0-4,multiattack-swing,Gore,attack,melee,n,piercing,,,prone,1,at-will,
Giant Centipede,1/4,0-4,multiattack-swing,Bite,attack,melee,n,piercing,,,poisoned,1,at-will,
Giant Constrictor Snake,2,0-4,multiattack-swing,Bite,attack,melee,n,piercing,,,,1,at-will,
Giant Constrictor Snake,2,0-4,multiattack-swing,Constrict,save,melee,n,bludgeoning,STR,negates,grappled,1,at-will,
Giant Crab,1/8,0-4,multiattack-swing,Claw,attack,melee,n,bludgeoning,,,grappled,1,at-will,
Giant Fire Beetle,0,0-4,multiattack-swing,Bite,attack,melee,n,fire,,,,1,at-will,
Giant Frog,1/4,0-4,multiattack-swing,Bite,attack,melee,n,piercing,,,grappled,1,at-will,
Giant Goat,1/2,0-4,multiattack-swing,Ram,attack,melee,n,bludgeoning,,,prone,1,at-will,
Giant Hyena,1,0-4,multiattack-swing,Bite,attack,melee,n,piercing,,,,1,at-will,
Giant Lizard,1/4,0-4,multiattack-swing,Bite,attack,melee,n,piercing,,,,1,at-will,
Giant Octopus,1,0-4,multiattack-swing,Tentacles,attack,melee,n,bludgeoning,,,grappled;restrained,1,at-will,
Giant Rat,1/8,0-4,multiattack-swing,Bite,attack,melee,n,piercing,,,,1,at-will,
Giant Scorpion,3,0-4,multiattack-swing,Claw,attack,melee,n,bludgeoning,,,grappled,2,at-will,
Giant Scorpion,3,0-4,multiattack-swing,Sting,attack,melee,n,piercing;poison,,,,1,at-will,
Giant Seahorse,1/2,0-4,multiattack-swing,Ram,attack,melee,n,bludgeoning,,,,1,at-will,
Giant Spider,1,0-4,multiattack-swing,Bite,attack,melee,n,piercing;poison,,,,1,at-will,
Giant Toad,1,0-4,multiattack-swing,Bite,attack,melee,n,piercing;poison,,,grappled,1,at-will,
Giant Venomous Snake,1/4,0-4,multiattack-swing,Bite,attack,melee,n,piercing;poison,,,,1,at-will,
Giant Wasp,1/2,0-4,multiattack-swing,Sting,attack,melee,n,piercing;poison,,,,1,at-will,
Giant Weasel,1/8,0-4,multiattack-swing,Bite,attack,melee,n,piercing,,,,1,at-will,
Giant Wolf Spider,1/4,0-4,multiattack-swing,Bite,attack,melee,n,piercing;poison,,,,1,at-will,
Goat,0,0-4,multiattack-swing,Ram,attack,melee,n,bludgeoning,,,,1,at-will,
Hawk,0,0-4,multiattack-swing,Talons,attack,melee,n,slashing,,,,1,at-will,
Hippopotamus,4,0-4,multiattack-swing,Bite,attack,melee,n,piercing,,,,2,at-will,
Hunter Shark,2,0-4,multiattack-swing,Bite,attack,melee,n,piercing,,,,1,at-will,
Hyena,0,0-4,multiattack-swing,Bite,attack,melee,n,piercing,,,,1,at-will,
Jackal,0,0-4,multiattack-swing,Bite,attack,melee,n,piercing,,,,1,at-will,
Killer Whale,3,0-4,multiattack-swing,Bite,attack,melee,n,piercing,,,,1,at-will,
Lion,1,0-4,multiattack-swing,Rend,attack,melee,n,slashing,,,,2,at-will,
Lizard,0,0-4,multiattack-swing,Bite,attack,melee,n,piercing,,,,1,at-will,
Mastiff,1/8,0-4,multiattack-swing,Bite,attack,melee,n,piercing,,,prone,1,at-will,
Mule,1/8,0-4,multiattack-swing,Hooves,attack,melee,n,bludgeoning,,,,1,at-will,
Octopus,0,0-4,multiattack-swing,Tentacles,attack,melee,n,bludgeoning,,,,1,at-will,
Owl,0,0-4,multiattack-swing,Talons,attack,melee,n,slashing,,,,1,at-will,
Panther,1/4,0-4,multiattack-swing,Rend,attack,melee,n,slashing,,,,1,at-will,
Piranha,0,0-4,multiattack-swing,Bite,attack,melee,n,piercing,,,,1,at-will,
Plesiosaurus,2,0-4,multiattack-swing,Bite,attack,melee,n,piercing,,,,1,at-will,
Polar Bear,2,0-4,multiattack-swing,Rend,attack,melee,n,slashing,,,,2,at-will,
Pony,1/8,0-4,multiattack-swing,Hooves,attack,melee,n,bludgeoning,,,,1,at-will,
Pteranodon,1/4,0-4,multiattack-swing,Bite,attack,melee,n,piercing,,,,1,at-will,
Rat,0,0-4,multiattack-swing,Bite,attack,melee,n,piercing,,,,1,at-will,
Raven,0,0-4,multiattack-swing,Beak,attack,melee,n,piercing,,,,1,at-will,
Reef Shark,1/2,0-4,multiattack-swing,Bite,attack,melee,n,piercing,,,,1,at-will,
Rhinoceros,2,0-4,multiattack-swing,Gore,attack,melee,n,piercing,,,prone,1,at-will,
Riding Horse,1/4,0-4,multiattack-swing,Hooves,attack,melee,n,bludgeoning,,,,1,at-will,
Saber-Toothed Tiger,2,0-4,multiattack-swing,Rend,attack,melee,n,slashing,,,,2,at-will,
Scorpion,0,0-4,multiattack-swing,Sting,attack,melee,n,piercing;poison,,,,1,at-will,
Spider,0,0-4,multiattack-swing,Bite,attack,melee,n,piercing;poison,,,,1,at-will,
Swarm of Bats,1/4,0-4,multiattack-swing,Bites,attack,melee,n,piercing,,,,1,at-will,
Swarm of Insects,1/2,0-4,multiattack-swing,Bites,attack,melee,n,poison,,,,1,at-will,
Swarm of Piranhas,1,0-4,multiattack-swing,Bites,attack,melee,n,piercing,,,,1,at-will,
Swarm of Rats,1/4,0-4,multiattack-swing,Bites,attack,melee,n,piercing,,,,1,at-will,
Swarm of Ravens,1/4,0-4,multiattack-swing,Beaks,attack,melee,n,piercing,,,,1,at-will,
Swarm of Venomous Snakes,2,0-4,multiattack-swing,Bites,attack,melee,n,piercing;poison,,,,1,at-will,
Tiger,1,0-4,multiattack-swing,Rend,attack,melee,n,slashing,,,prone,1,at-will,
Venomous Snake,1/8,0-4,multiattack-swing,Bite,attack,melee,n,piercing;poison,,,,1,at-will,
Vulture,0,0-4,multiattack-swing,Beak,attack,melee,n,piercing,,,,1,at-will,
Warhorse,1/2,0-4,multiattack-swing,Hooves,attack,melee,n,bludgeoning,,,prone,1,at-will,
Weasel,0,0-4,multiattack-swing,Bite,attack,melee,n,piercing,,,,1,at-will,
Wolf,1/4,0-4,multiattack-swing,Bite,attack,melee,n,piercing,,,prone,1,at-will,
Ankheg,2,0-4,multiattack-swing,Bite,attack,melee,n,slashing;acid,,,grappled,1,at-will,
Ankheg,2,0-4,multiattack-swing,Acid Spray (Recharge 6),save,ranged,y,acid,DEX,half,,1,6,
Axe Beak,1/4,0-4,multiattack-swing,Beak,attack,melee,n,slashing,,,,1,at-will,
Basilisk,3,0-4,multiattack-swing,Bite,attack,melee,n,piercing;poison,,,,1,at-will,
Bulette Pup,2,0-4,multiattack-swing,Bite,attack,melee,n,piercing,,,,1,at-will,
Carrion Crawler,2,0-4,multiattack-swing,Bite,attack,melee,n,piercing;poison,,,,1,at-will,
Cockatrice,1/2,0-4,multiattack-swing,Petrifying Bite,both,melee,n,piercing,CON,negates,petrified;restrained,1,at-will,
Death Dog,1,0-4,multiattack-swing,Bite,both,melee,n,piercing,CON,negates,poisoned,2,at-will,
Displacer Beast,3,0-4,multiattack-swing,Rend,attack,melee,n,slashing,,,prone,1,at-will,
Displacer Beast,3,0-4,multiattack-swing,Tentacle,attack,melee,n,piercing,,,,1,at-will,
Doppelganger,3,0-4,multiattack-swing,Slam,attack,melee,n,bludgeoning,,,,2,at-will,
Ettercap,2,0-4,multiattack-swing,Bite,attack,melee,n,piercing;poison,,,poisoned,1,at-will,
Ettercap,2,0-4,multiattack-swing,Claw,attack,melee,n,slashing,,,,1,at-will,
Flying Snake,1/8,0-4,multiattack-swing,Bite,attack,melee,n,piercing;poison,,,,1,at-will,
Giant Vulture,1,0-4,multiattack-swing,Gouge,attack,melee,n,piercing,,,poisoned,1,at-will,
Griffon,2,0-4,multiattack-swing,Rend,attack,melee,n,piercing,,,grappled,2,at-will,
Harpy,1,0-4,multiattack-swing,Claw,attack,melee,n,slashing,,,,1,at-will,
Hippogriff,1,0-4,multiattack-swing,Rend,attack,melee,n,slashing,,,,2,at-will,
Hook Horror,3,0-4,multiattack-swing,Hook,attack,melee,n,piercing,,,,2,at-will,
Kenku,1/4,0-4,multiattack-swing,Shadow Blade,attack,both,n,necrotic,,,,1,at-will,
Manticore,3,0-4,multiattack-swing,Rend,attack,melee,n,slashing,,,,1.5,at-will,
Manticore,3,0-4,multiattack-swing,Tail Spike,attack,ranged,n,piercing,,,,1.5,at-will,
Merrow,2,0-4,multiattack-swing,Bite,attack,melee,n,piercing,,,poisoned,0.67,at-will,
Merrow,2,0-4,multiattack-swing,Claw,attack,melee,n,slashing,,,,0.67,at-will,
Merrow,2,0-4,multiattack-swing,Harpoon,attack,both,n,piercing,,,,0.67,at-will,
Mimic,2,0-4,multiattack-swing,Bite,attack,melee,n,piercing;acid,,,grappled,1,at-will,
Minotaur of Baphomet,3,0-4,multiattack-swing,Abyssal Glaive,attack,melee,n,slashing;necrotic,,,,1,at-will,
Minotaur of Baphomet,3,0-4,multiattack-swing,Gore (Recharge 5–6),attack,melee,n,piercing,,,prone,1,5-6,
Owlbear,3,0-4,multiattack-swing,Rend,attack,melee,n,slashing,,,,2,at-will,
Peryton,2,0-4,multiattack-swing,Gore,attack,melee,n,piercing,,,,1,at-will,
Peryton,2,0-4,multiattack-swing,Talons,attack,melee,n,piercing,,,,1,at-will,
Phase Spider,3,0-4,multiattack-swing,Bite,attack,melee,n,piercing;poison,,,paralyzed;poisoned,2,at-will,
Quaggoth,2,0-4,multiattack-swing,Claw,attack,melee,n,slashing,,,,2,at-will,
Quaggoth Thonot,3,0-4,multiattack-swing,Claw,attack,melee,n,slashing;psychic,,,,2,at-will,
Rust Monster,1/2,0-4,multiattack-swing,Bite,attack,melee,n,piercing,,,,1,at-will,
Stirge,1/8,0-4,multiattack-swing,Proboscis,attack,melee,n,piercing;necrotic,,,,1,at-will,
Swarm of Stirges,2,0-4,multiattack-swing,Swarm of Proboscises,attack,melee,n,piercing;necrotic,,,grappled,1,at-will,
Thri-kreen Marauder,1,0-4,multiattack-swing,Gythka,attack,melee,n,slashing;poison,,,,1,at-will,
Thri-kreen Marauder,1,0-4,multiattack-swing,Chatkcha,attack,ranged,n,slashing,,,,1,at-will,
Troglodyte,1/4,0-4,multiattack-swing,Rend,attack,melee,n,slashing,,,,1,at-will,
Wereboar,4,0-4,multiattack-swing,Gore (Boar or Hybrid Form Only),both,melee,n,piercing,CON,negates,,1,at-will,
Wereboar,4,0-4,multiattack-swing,Javelin (Humanoid or Hybrid Form Only),attack,both,n,piercing,,,,0.5,at-will,
Wereboar,4,0-4,multiattack-swing,Tusk (Boar or Hybrid Form Only),attack,melee,n,piercing,,,prone,0.5,at-will,
Wererat,2,0-4,multiattack-swing,Bite (Rat or Hybrid Form Only),both,melee,n,piercing,CON,negates,,1,at-will,
Wererat,2,0-4,multiattack-swing,Scratch,attack,melee,n,slashing,,,,0.5,at-will,
Wererat,2,0-4,multiattack-swing,Hand Crossbow (Humanoid or Hybrid Form Only),attack,ranged,n,piercing,,,,0.5,at-will,
Weretiger,4,0-4,multiattack-swing,Bite (Tiger or Hybrid Form Only),both,melee,n,piercing,CON,negates,,1,at-will,
Weretiger,4,0-4,multiattack-swing,Scratch,attack,melee,n,slashing,,,,0.5,at-will,
Weretiger,4,0-4,multiattack-swing,Longbow (Humanoid or Hybrid Form Only),attack,ranged,n,piercing,,,,0.5,at-will,
Werewolf,3,0-4,multiattack-swing,Bite (Wolf or Hybrid Form Only),both,melee,n,piercing,CON,negates,,1,at-will,
Werewolf,3,0-4,multiattack-swing,Scratch,attack,melee,n,slashing,,,,0.5,at-will,
Werewolf,3,0-4,multiattack-swing,Longbow (Humanoid or Hybrid Form Only),attack,ranged,n,piercing,,,,0.5,at-will,
Winter Wolf,3,0-4,multiattack-swing,Bite,attack,melee,n,piercing,,,prone,1,at-will,
Winter Wolf,3,0-4,multiattack-swing,Cold Breath (Recharge 5–6),save,ranged,y,cold,CON,half,,1,5-6,
Yeti,3,0-4,multiattack-swing,Claw,attack,melee,n,slashing;cold,,,,1,at-will,
Yeti,3,0-4,multiattack-swing,Ice Throw,attack,ranged,n,bludgeoning;cold,,,,1,at-will,
Yeti,3,0-4,multiattack-swing,Chilling Gaze,save,melee,n,cold,CON,negates,paralyzed,1,at-will,
Yuan-ti Infiltrator,1,0-4,multiattack-swing,Scimitar,attack,melee,n,slashing,,,,1,at-will,
Yuan-ti Infiltrator,1,0-4,multiattack-swing,Poison Ray,attack,ranged,n,poison,,,,0.5,at-will,1b at-will alt
Yuan-ti Malison (Type 1),3,0-4,multiattack-swing,Bite,attack,melee,n,piercing;poison,,,,1,at-will,
Yuan-ti Malison (Type 1),3,0-4,multiattack-swing,Poison Ray (Yuan-ti Form Only),attack,ranged,n,poison,,,,1,at-will,
Yuan-ti Malison (Type 2),3,0-4,multiattack-swing,Bite,attack,melee,n,piercing;poison,,,,2,at-will,
Yuan-ti Malison (Type 3),3,0-4,multiattack-swing,Poison Burst (Yuan-ti Form Only),attack,both,n,poison,,,,1,at-will,
Yuan-ti Malison (Type 3),3,0-4,multiattack-swing,Constrict,save,melee,n,bludgeoning,STR,negates,grappled;restrained,0.5,at-will,1b at-will alt
Animated Armor,1,0-4,multiattack-swing,Slam,attack,melee,n,bludgeoning,,,,2,at-will,
Animated Broom,1/4,0-4,multiattack-swing,Slam,attack,melee,n,bludgeoning,,,,1,at-will,
Animated Flying Sword,1/4,0-4,multiattack-swing,Slash,attack,melee,n,slashing,,,,1,at-will,
Animated Rug of Smothering,2,0-4,multiattack-swing,Smother,attack,melee,n,bludgeoning,,,blinded;grappled;restrained,1,at-will,
Helmed Horror,4,0-4,multiattack-swing,Arcane Sword,attack,melee,n,slashing;force,,,,2,at-will,
Homunculus,0,0-4,multiattack-swing,Bite,both,melee,n,piercing,CON,negates,poisoned;unconscious,1,at-will,
Modron Duodrone,1/4,0-4,multiattack-swing,Clockwork Blade,attack,both,n,force,,,,2,at-will,
Modron Monodrone,1/8,0-4,multiattack-swing,Gear,attack,melee,n,force,,,,1,at-will,
Modron Pentadrone,2,0-4,multiattack-swing,Slam,attack,melee,n,force,,,,2.5,at-will,5 Slam OR 5 Electrical Discharge - split
Modron Pentadrone,2,0-4,multiattack-swing,Electrical Discharge,attack,ranged,n,lightning,,,,2.5,at-will,5 Slam OR 5 Electrical Discharge - split
Modron Quadrone,1,0-4,multiattack-swing,Slam,attack,melee,n,force,,,,2,at-will,4 Slam OR 4 Gears Launcher - split
Modron Quadrone,1,0-4,multiattack-swing,Gears Launcher,attack,ranged,n,force,,,,2,at-will,4 Slam OR 4 Gears Launcher - split
Modron Tridrone,1/2,0-4,multiattack-swing,Clockwork Spear,attack,both,n,force,,,,3,at-will,
Scarecrow,1,0-4,multiattack-swing,Fearsome Claw,attack,melee,n,slashing,,,frightened,1,at-will,
Awakened Shrub,0,0-4,multiattack-swing,Rake,attack,melee,n,slashing,,,,1,at-will,
Awakened Tree,2,0-4,multiattack-swing,Slam,attack,melee,n,bludgeoning,,,,1,at-will,
Gas Spore Fungus,1/2,0-4,multiattack-swing,Tendril,attack,melee,n,poison,,,poisoned,1,at-will,
Myconid Adult,1/2,0-4,multiattack-swing,Slam,attack,melee,n,bludgeoning;poison,,,,1,at-will,
Myconid Sovereign,2,0-4,multiattack-swing,Slam,attack,melee,n,bludgeoning;poison,,,,1,at-will,
Myconid Spore Servant,1,0-4,multiattack-swing,Slam,attack,melee,n,bludgeoning;poison,,,,1,at-will,
Myconid Sprout,0,0-4,multiattack-swing,Slam,attack,melee,n,bludgeoning;poison,,,,1,at-will,
Needle Blight,1/4,0-4,multiattack-swing,Claw,attack,melee,n,slashing,,,,1,at-will,
Twig Blight,1/8,0-4,multiattack-swing,Claw,attack,melee,n,slashing,,,,1,at-will,
Vine Blight,1/2,0-4,multiattack-swing,Constricting Vine,attack,melee,n,bludgeoning,,,grappled,1,at-will,
Violet Fungus,1/4,0-4,multiattack-swing,Rotting Touch,attack,melee,n,necrotic,,,,2,at-will,
Black Pudding,4,0-4,multiattack-swing,Dissolving Pseudopod,attack,melee,n,acid,,,,1,at-will,
Gelatinous Cube,2,0-4,multiattack-swing,Pseudopod,attack,melee,n,acid,,,,1,at-will,
Gray Ooze,1/2,0-4,multiattack-swing,Pseudopod,attack,melee,n,acid,,,,1,at-will,
Ochre Jelly,2,0-4,multiattack-swing,Pseudopod,attack,melee,n,acid,,,,1,at-will,
Psychic Gray Ooze,1,0-4,multiattack-swing,Pseudopod,both,melee,n,acid,INT,negates,,1,at-will,
Ettin,4,0-4,multiattack-swing,Battleaxe,attack,melee,n,slashing,,,prone,1,at-will,
Ettin,4,0-4,multiattack-swing,Morningstar,attack,melee,n,piercing,,,,1,at-will,
Ogre,2,0-4,multiattack-swing,Greatclub,attack,melee,n,bludgeoning,,,,1,at-will,
Ogrillon Ogre,1,0-4,multiattack-swing,Battleaxe,attack,melee,n,slashing,,,,1,at-will,
Troll Limb,1/2,0-4,multiattack-swing,Rend,attack,melee,n,slashing,,,,1,at-will,
Couatl,4,0-4,multiattack-swing,Bite,attack,melee,n,piercing,,,poisoned,1,at-will,
Empyrean Iota (Celestial),1,0-4,multiattack-swing,Otherworldly Strike,attack,both,n,radiant,,,,1,at-will,
Giant Eagle,1,0-4,multiattack-swing,Rend,attack,melee,n,slashing;radiant,,,,2,at-will,
Giant Elk,2,0-4,multiattack-swing,Ram,attack,melee,n,bludgeoning;radiant,,,prone,1,at-will,
Giant Owl,1/4,0-4,multiattack-swing,Talons,attack,melee,n,slashing,,,,1,at-will,
Pegasus,2,0-4,multiattack-swing,Hooves,attack,melee,n,bludgeoning;radiant,,,,1,at-will,
Sphinx of Wonder,1,0-4,multiattack-swing,Rend,attack,melee,n,slashing;radiant,,,,1,at-will,
Black Dragon Wyrmling,2,0-4,multiattack-swing,Rend,attack,melee,n,slashing;acid,,,,2,at-will,
Black Dragon Wyrmling,2,0-4,multiattack-swing,Acid Breath (Recharge 5–6),save,ranged,y,acid,DEX,half,,1,5-6,
Blue Dragon Wyrmling,3,0-4,multiattack-swing,Rend,attack,melee,n,slashing;lightning,,,,2,at-will,
Blue Dragon Wyrmling,3,0-4,multiattack-swing,Lightning Breath (Recharge 5–6),save,ranged,y,lightning,DEX,half,,1,5-6,
Brass Dragon Wyrmling,1,0-4,multiattack-swing,Rend,attack,melee,n,slashing,,,,1,at-will,
Brass Dragon Wyrmling,1,0-4,multiattack-swing,Fire Breath (Recharge 5–6),save,ranged,y,fire,DEX,half,,1,5-6,
Bronze Dragon Wyrmling,2,0-4,multiattack-swing,Rend,attack,melee,n,slashing,,,,2,at-will,
Bronze Dragon Wyrmling,2,0-4,multiattack-swing,Lightning Breath (Recharge 5–6),save,ranged,y,lightning,DEX,half,,1,5-6,
Copper Dragon Wyrmling,1,0-4,multiattack-swing,Rend,attack,melee,n,slashing,,,,1,at-will,
Copper Dragon Wyrmling,1,0-4,multiattack-swing,Acid Breath (Recharge 5–6),save,ranged,y,acid,DEX,half,,1,5-6,
Faerie Dragon Adult,2,0-4,multiattack-swing,Bite,attack,melee,n,piercing;psychic,,,,1,at-will,
Faerie Dragon Youth,1,0-4,multiattack-swing,Bite,attack,melee,n,piercing;psychic,,,,1,at-will,
Gold Dragon Wyrmling,3,0-4,multiattack-swing,Rend,attack,melee,n,slashing,,,,2,at-will,
Gold Dragon Wyrmling,3,0-4,multiattack-swing,Fire Breath (Recharge 5–6),save,ranged,y,fire,DEX,half,,1,5-6,
Green Dragon Wyrmling,2,0-4,multiattack-swing,Rend,attack,melee,n,slashing;poison,,,,2,at-will,
Green Dragon Wyrmling,2,0-4,multiattack-swing,Poison Breath (Recharge 5–6),save,ranged,y,poison,CON,half,,1,5-6,
Juvenile Shadow Dragon,4,0-4,multiattack-swing,Rend,attack,melee,n,slashing;necrotic,,,,2,at-will,
Juvenile Shadow Dragon,4,0-4,multiattack-swing,Shadow Breath (Recharge 5–6),save,ranged,y,necrotic,DEX,half,,1,5-6,
Kobold Warrior,1/8,0-4,multiattack-swing,Dagger,attack,both,n,piercing,,,,1,at-will,
Red Dragon Wyrmling,4,0-4,multiattack-swing,Rend,attack,melee,n,slashing;fire,,,,2,at-will,
Red Dragon Wyrmling,4,0-4,multiattack-swing,Fire Breath (Recharge 5–6),save,ranged,y,fire,DEX,half,,1,5-6,
Silver Dragon Wyrmling,2,0-4,multiattack-swing,Rend,attack,melee,n,piercing,,,,2,at-will,
Silver Dragon Wyrmling,2,0-4,multiattack-swing,Cold Breath (Recharge 5–6),save,ranged,y,cold,CON,half,,1,5-6,
White Dragon Wyrmling,2,0-4,multiattack-swing,Rend,attack,melee,n,slashing;cold,,,,2,at-will,
White Dragon Wyrmling,2,0-4,multiattack-swing,Cold Breath (Recharge 5–6),save,ranged,y,cold,CON,half,,1,5-6,
Winged Kobold,1/4,0-4,multiattack-swing,Dragon-Tooth Blade,attack,melee,n,piercing,,,,1,at-will,
Pseudodragon,1/4,0-4,multiattack-swing,Bite,attack,melee,n,piercing,,,,1,at-will,1b: 2 Bite halved
Pseudodragon,1/4,0-4,multiattack-swing,Sting,save,melee,n,poison,CON,negates,poisoned;unconscious,0.5,at-will,1b at-will alt
Bearded Devil,3,0-4,multiattack-swing,Beard,attack,melee,n,piercing,,,poisoned,1,at-will,
Bearded Devil,3,0-4,multiattack-swing,Infernal Glaive,both,melee,n,slashing,CON,negates,,1,at-will,
Dretch,1/4,0-4,multiattack-swing,Rend,attack,melee,n,slashing,,,,1,at-will,
Empyrean Iota (Fiend),1,0-4,multiattack-swing,Otherworldly Strike,attack,both,n,radiant,,,,1,at-will,
Gnoll Fang of Yeenoghu,4,0-4,multiattack-swing,Bite,attack,melee,n,piercing;poison,,,poisoned,1,at-will,
Gnoll Fang of Yeenoghu,4,0-4,multiattack-swing,Bone Flail,attack,melee,n,piercing,,,,2,at-will,
Gnoll Pack Lord,2,0-4,multiattack-swing,Bone Whip,attack,melee,n,slashing,,,,1,at-will,
Gnoll Pack Lord,2,0-4,multiattack-swing,Bone Javelin,attack,ranged,n,piercing,,,,1,at-will,
Gnoll Warrior,1/2,0-4,multiattack-swing,Rend,attack,melee,n,piercing,,,,1,at-will,
Hell Hound,3,0-4,multiattack-swing,Bite,attack,melee,n,piercing;fire,,,,2,at-will,
Hell Hound,3,0-4,multiattack-swing,Fire Breath (Recharge 5–6),save,ranged,y,fire,DEX,half,,1,5-6,
Imp,1,0-4,multiattack-swing,Sting,attack,melee,n,piercing;poison,,,,1,at-will,
Incubus,4,0-4,multiattack-swing,Restless Touch,attack,melee,n,psychic,,,,2,at-will,
Incubus,4,0-4,bonus,Nightmare (Recharge 6),save,melee,n,psychic,WIS,negates,unconscious,1,6,
Jackalwere,1/2,0-4,multiattack-swing,Rend (Jackal or Hybrid Form Only),attack,melee,n,piercing,,,,1,at-will,
Jackalwere,1/2,0-4,multiattack-swing,Slam (Human or Hybrid Form Only),attack,melee,n,bludgeoning,,,,1,at-will,
Lamia,4,0-4,multiattack-swing,Claw,attack,melee,n,slashing;psychic,,,,1,at-will,
Lamia,4,0-4,multiattack-swing,Corrupting Touch,save,melee,n,psychic,WIS,negates,charmed;poisoned,1,at-will,
Larva,0,0-4,multiattack-swing,Bite,attack,melee,n,necrotic,,,,1,at-will,
Lemure,0,0-4,multiattack-swing,Vile Slime,attack,melee,n,poison,,,,1,at-will,
Manes,1/8,0-4,multiattack-swing,Claw,attack,melee,n,slashing,,,,1,at-will,
Manes Vaporspawn,1,0-4,multiattack-swing,Claw,attack,melee,n,slashing;necrotic,,,,1,at-will,
Nightmare,3,0-4,multiattack-swing,Hooves,attack,melee,n,bludgeoning;fire,,,,1,at-will,
Quasit,1,0-4,multiattack-swing,Rend,attack,melee,n,slashing,,,poisoned,1,at-will,
Sahuagin Priest,2,0-4,multiattack-swing,Spectral Jaws,attack,both,n,force,,,,2,at-will,
Sahuagin Warrior,1/2,0-4,multiattack-swing,Claw,attack,melee,n,slashing,,,,2,at-will,
Shadow Demon,4,0-4,multiattack-swing,Umbral Claw,attack,melee,n,psychic,,,,1,at-will,
Spined Devil,2,0-4,multiattack-swing,Infernal Fork,attack,melee,n,piercing;fire,,,,1,at-will,
Spined Devil,2,0-4,multiattack-swing,Tail Spine,attack,ranged,n,piercing;fire,,,,1,at-will,
Succubus,4,0-4,multiattack-swing,Fiendish Touch,attack,melee,n,psychic,,,,1,at-will,
Succubus,4,0-4,multiattack-swing,Draining Kiss,save,melee,n,psychic,CON,half,charmed,0.5,at-will,1b/combo split
Swarm of Dretches,4,0-4,multiattack-swing,Rend,attack,melee,n,slashing,,,,2,at-will,
Swarm of Larvae,1,0-4,multiattack-swing,Bites,attack,melee,n,necrotic,,,,1,at-will,
Swarm of Lemures,3,0-4,multiattack-swing,Vile Slime,attack,melee,n,poison,,,,2,at-will,
Bandit,1/8,0-4,multiattack-swing,Scimitar,attack,melee,n,slashing,,,,1,at-will,
Bandit Captain,2,0-4,multiattack-swing,Scimitar,attack,melee,n,slashing,,,,1,at-will,
Bandit Captain,2,0-4,multiattack-swing,Pistol,attack,ranged,n,piercing,,,,1,at-will,
Berserker,2,0-4,multiattack-swing,Greataxe,attack,melee,n,slashing,,,,1,at-will,
Commoner,0,0-4,multiattack-swing,Club,attack,melee,n,bludgeoning,,,,1,at-will,
Cultist,1/8,0-4,multiattack-swing,Ritual Sickle,attack,melee,n,slashing;necrotic,,,,1,at-will,
Cultist Fanatic,2,0-4,multiattack-swing,Pact Blade,attack,melee,n,slashing;necrotic,,,,1,at-will,
Druid,2,0-4,multiattack-swing,Vine Staff,attack,melee,n,bludgeoning;poison,,,,1,at-will,
Druid,2,0-4,multiattack-swing,Verdant Wisp,attack,ranged,n,radiant,,,,1,at-will,
Druid,2,0-4,action,Thunderwave (2/Day),save,melee,y,thunder,CON,half,,1,2/day,2a limited spell (SRD stats)
Druid,2,0-4,action,Moonbeam (1/Day),save,ranged,y,radiant,CON,half,,1,1/day,2a limited spell (SRD stats)
Guard,1/8,0-4,multiattack-swing,Spear,attack,both,n,piercing,,,,1,at-will,
Guard Captain,4,0-4,multiattack-swing,Javelin,attack,both,n,piercing,,,,1,at-will,
Guard Captain,4,0-4,multiattack-swing,Longsword,attack,melee,n,slashing,,,,1,at-will,
Knight,3,0-4,multiattack-swing,Greatsword,attack,melee,n,slashing;radiant,,,,1,at-will,
Knight,3,0-4,multiattack-swing,Heavy Crossbow,attack,ranged,n,piercing;radiant,,,,1,at-will,
Mage Apprentice,2,0-4,multiattack-swing,Arcane Burst,attack,both,n,force,,,,1,at-will,
Mage Apprentice,2,0-4,action,Ice Knife (1/Day),both,ranged,y,cold;piercing,DEX,half,,1,1/day,2a limited spell (SRD stats)
Mage Apprentice,2,0-4,action,Thunderwave (1/Day),save,melee,y,thunder,CON,half,,1,1/day,2a limited spell (SRD stats)
Noble,1/8,0-4,multiattack-swing,Rapier,attack,melee,n,piercing,,,,1,at-will,
Performer,1/2,0-4,multiattack-swing,Shortsword,attack,melee,n,piercing,,,,1,at-will,
Pirate,1,0-4,multiattack-swing,Dagger,attack,both,n,piercing,,,,2,at-will,replacement (Enthralling Performance) non-damaging - not modeled
Priest,2,0-4,multiattack-swing,Mace,attack,melee,n,bludgeoning;radiant,,,,1,at-will,
Priest,2,0-4,multiattack-swing,Radiant Flame,attack,ranged,n,radiant,,,,1,at-will,
Priest,2,0-4,action,Spirit Guardians (1/Day),save,melee,y,radiant,WIS,half,,1,1/day,2a limited spell (emanation; SRD stats)
Priest Acolyte,1/4,0-4,multiattack-swing,Mace,attack,melee,n,bludgeoning;radiant,,,,1,at-will,
Scout,1/2,0-4,multiattack-swing,Shortsword,attack,melee,n,piercing,,,,1,at-will,
Scout,1/2,0-4,multiattack-swing,Longbow,attack,ranged,n,piercing,,,,1,at-will,
Scout Captain,3,0-4,multiattack-swing,Shortsword,attack,melee,n,piercing,,,,1,at-will,
Scout Captain,3,0-4,multiattack-swing,Longbow,attack,ranged,n,piercing,,,,1,at-will,
Spy,1,0-4,multiattack-swing,Shortsword,attack,melee,n,piercing;poison,,,,1,at-will,
Tough,1/2,0-4,multiattack-swing,Mace,attack,melee,n,bludgeoning,,,,1,at-will,
Tough Boss,4,0-4,multiattack-swing,Warhammer,attack,melee,n,bludgeoning,,,,1,at-will,
Tough Boss,4,0-4,multiattack-swing,Heavy Crossbow,attack,ranged,n,piercing,,,,1,at-will,
Vampire Familiar,3,0-4,multiattack-swing,Umbral Dagger,attack,both,n,piercing;necrotic,,,paralyzed;poisoned,2,at-will,
Warrior Infantry,1/8,0-4,multiattack-swing,Spear,attack,both,n,piercing,,,,1,at-will,
Warrior Veteran,3,0-4,multiattack-swing,Greatsword,attack,melee,n,slashing,,,,1,at-will,
Warrior Veteran,3,0-4,multiattack-swing,Heavy Crossbow,attack,ranged,n,piercing,,,,1,at-will,
Banshee,4,0-4,multiattack-swing,Corrupting Touch,attack,melee,n,necrotic,,,,2,at-will,
Banshee,4,0-4,action,Deathly Wail (1/Day),save,melee,y,psychic,CON,negates,,1,1/day,native limited AoE action
Bone Naga,4,0-4,multiattack-swing,Bite,attack,melee,n,piercing;necrotic,,,,1,at-will,
Bone Naga,4,0-4,multiattack-swing,Serpentine Gaze,save,melee,n,psychic,WIS,negates,charmed,1,at-will,replace one attack
Bone Naga,4,0-4,action,Lightning Bolt (1/Day),save,ranged,y,lightning,DEX,half,,1,1/day,2a limited spell (SRD stats)
Crawling Claw,0,0-4,multiattack-swing,Slam,attack,melee,n,necrotic,,,,1,at-will,
Flameskull,4,0-4,multiattack-swing,Fire Ray,attack,both,n,fire,,,,2,at-will,
Flameskull,4,0-4,action,Magic Missile (2/Day),auto,ranged,n,force,,,,1,2/day,2a limited spell (auto-hit; SRD)
Flameskull,4,0-4,action,Fireball (1/Day),save,ranged,y,fire,DEX,half,,1,1/day,2a limited spell (SRD stats)
Flaming Skeleton,3,0-4,multiattack-swing,Flame Scepter,attack,melee,n,bludgeoning;fire,,,,1,at-will,
Flaming Skeleton,3,0-4,multiattack-swing,Hurl Flame,attack,ranged,n,fire,,,,1,at-will,
Ghast,2,0-4,multiattack-swing,Bite,attack,melee,n,piercing;necrotic,,,,1,at-will,
Ghost,4,0-4,multiattack-swing,Withering Touch,attack,melee,n,necrotic,,,,1,at-will,
Ghost,4,0-4,multiattack-swing,Horrific Visage,save,ranged,y,psychic,WIS,negates,frightened,0.5,at-will,1b at-will alt
Ghoul,1,0-4,multiattack-swing,Bite,attack,melee,n,piercing;necrotic,,,,1,at-will,
Ghoul,1,0-4,multiattack-swing,Claw,both,melee,n,slashing,CON,negates,paralyzed,0.5,at-will,1b at-will alt
Lacedon Ghoul,1,0-4,multiattack-swing,Icy Bite,attack,melee,n,cold,,,,1,at-will,
Lacedon Ghoul,1,0-4,multiattack-swing,Claw,both,melee,n,slashing,CON,negates,paralyzed,0.5,at-will,1b at-will alt
Minotaur Skeleton,2,0-4,multiattack-swing,Gore,attack,melee,n,piercing,,,prone,1,at-will,
Mummy,3,0-4,multiattack-swing,Rotting Fist,attack,melee,n,bludgeoning;necrotic,,,,2,at-will,
Ogre Zombie,2,0-4,multiattack-swing,Slam,attack,melee,n,bludgeoning,,,,1,at-will,
Poltergeist,2,0-4,multiattack-swing,Object Slam,attack,both,n,bludgeoning,,,,1,at-will,
Poltergeist,2,0-4,multiattack-swing,Telekinetic Thrust,save,melee,n,force,STR,negates,,1,at-will,folded into multiattack
Shadow,1/2,0-4,multiattack-swing,Draining Swipe,attack,melee,n,necrotic,,,,1,at-will,
Skeleton,1/4,0-4,multiattack-swing,Shortsword,attack,melee,n,piercing,,,,1,at-will,
Specter,1,0-4,multiattack-swing,Life Drain,attack,melee,n,necrotic,,,,1,at-will,
Swarm of Crawling Claws,3,0-4,multiattack-swing,Swarm of Grasping Hands,attack,melee,n,necrotic,,,prone,1,at-will,
Warhorse Skeleton,1/2,0-4,multiattack-swing,Hooves,attack,melee,n,bludgeoning,,,prone,1,at-will,
Wight,3,0-4,multiattack-swing,Necrotic Sword,attack,melee,n,slashing;necrotic,,,,0.5,at-will,1b at-will alt
Wight,3,0-4,multiattack-swing,Necrotic Bow,attack,ranged,n,piercing;necrotic,,,,0.5,at-will,1b at-will alt
Wight,3,0-4,multiattack-swing,Life Drain,save,melee,n,necrotic,CON,negates,,0.5,at-will,1b at-will alt
Will-o’-Wisp,2,0-4,multiattack-swing,Shock,attack,melee,n,lightning,,,,1,at-will,
Zombie,1/4,0-4,multiattack-swing,Slam,attack,melee,n,bludgeoning,,,,1,at-will,
Blink Dog,1/4,0-4,multiattack-swing,Bite,attack,melee,n,piercing,,,,1,at-will,
Bugbear Stalker,3,0-4,multiattack-swing,Javelin,attack,both,n,piercing,,,,1,at-will,
Bugbear Stalker,3,0-4,multiattack-swing,Morningstar,attack,melee,n,piercing,,,grappled,1,at-will,
Bugbear Warrior,1,0-4,multiattack-swing,Grab,attack,melee,n,bludgeoning,,,grappled,1,at-will,
Bullywug Bog Sage,4,0-4,multiattack-swing,Bog Staff,attack,melee,n,bludgeoning;poison,,,,1,at-will,1b halved (Ray of Sickness at-will)
Bullywug Bog Sage,4,0-4,action,Ray of Sickness,attack,ranged,n,poison,,,poisoned,0.5,at-will,1b at-will spell alt (SRD)
Bullywug Bog Sage,4,0-4,action,Vitriolic Sphere (1/Day),save,ranged,y,acid,DEX,half,,1,1/day,2a limited spell (SRD)
Bullywug Warrior,1/4,0-4,multiattack-swing,Insectile Rapier,attack,melee,n,piercing;poison,,,,1,at-will,
Centaur Trooper,2,0-4,multiattack-swing,Pike,attack,melee,n,piercing,,,,1,at-will,
Centaur Trooper,2,0-4,multiattack-swing,Longbow,attack,ranged,n,piercing,,,,1,at-will,
Centaur Trooper,2,0-4,bonus,Trampling Charge (Recharge 5–6),save,melee,n,bludgeoning,STR,negates,prone,1,5-6,
Dryad,1,0-4,multiattack-swing,Vine Lash,attack,melee,n,slashing,,,,0.5,at-will,one attack choice split
Dryad,1,0-4,multiattack-swing,Thorn Burst,attack,ranged,n,piercing,,,,0.5,at-will,one attack choice split
Goblin Boss,1,0-4,multiattack-swing,Scimitar,attack,melee,n,slashing,,,,1,at-will,
Goblin Boss,1,0-4,multiattack-swing,Shortbow,attack,ranged,n,piercing,,,,1,at-will,
Goblin Hexer,3,0-4,multiattack-swing,Hex Stick,attack,both,n,psychic,,,,2,at-will,
Goblin Minion,1/8,0-4,multiattack-swing,Dagger,attack,both,n,piercing,,,,1,at-will,
Goblin Warrior,1/4,0-4,multiattack-swing,Scimitar,attack,melee,n,slashing,,,,1,at-will,
Green Hag,3,0-4,multiattack-swing,Claw,attack,melee,n,slashing;poison,,,,1,at-will,1b halved (Ray of Sickness at-will)
Green Hag,3,0-4,action,Ray of Sickness,attack,ranged,n,poison,,,poisoned,0.5,at-will,1b at-will spell alt (SRD)
Hobgoblin Captain,3,0-4,multiattack-swing,Greatsword,attack,melee,n,slashing;poison,,,,1,at-will,
Hobgoblin Captain,3,0-4,multiattack-swing,Longbow,attack,ranged,n,piercing;poison,,,,1,at-will,
Hobgoblin Warrior,1/2,0-4,multiattack-swing,Longsword,attack,melee,n,slashing,,,,1,at-will,
Pixie,1/4,0-4,multiattack-swing,Faerie Dust,attack,both,n,radiant,,,charmed;poisoned,1,at-will,
Satyr,1/2,0-4,multiattack-swing,Hooves,attack,melee,n,bludgeoning,,,,1,at-will,
Sea Hag,2,0-4,multiattack-swing,Claw,attack,melee,n,slashing,,,,1,at-will,
Sea Hag,2,0-4,multiattack-swing,Death Glare (Recharge 5–6),save,melee,n,psychic,WIS,negates,frightened,1,5-6,
Sprite,1/4,0-4,multiattack-swing,Needle Sword,attack,melee,n,piercing,,,,1,at-will,
Worg,1/2,0-4,multiattack-swing,Bite,attack,melee,n,piercing,,,,1,at-will,
Chuul,4,0-4,multiattack-swing,Pincer,attack,melee,n,bludgeoning,,,grappled,2,at-will,
Darkmantle,1/2,0-4,multiattack-swing,Crush,attack,melee,n,bludgeoning,,,blinded,1,at-will,
Flumph,1/8,0-4,multiattack-swing,Tentacle,attack,melee,n,acid,,,,1,at-will,
Gibbering Mouther,2,0-4,multiattack-swing,Bite,attack,melee,n,piercing,,,prone,1,at-will,
Gibbering Mouther,2,0-4,multiattack-swing,Blinding Spittle (Recharge 5–6),save,ranged,y,radiant,DEX,negates,blinded,1,5-6,
Githyanki Warrior,3,0-4,multiattack-swing,Psi Blade,attack,melee,n,slashing;psychic,,,,2,at-will,
Githzerai Monk,2,0-4,multiattack-swing,Psi Strike,attack,melee,n,bludgeoning;psychic,,,,2,at-will,
Grell,3,0-4,multiattack-swing,Beak,attack,melee,n,piercing,,,,1,at-will,
Grell,3,0-4,multiattack-swing,Paralyzing Tentacles,both,melee,n,piercing,CON,negates,grappled;paralyzed;poisoned,1,at-will,
Grick,2,0-4,multiattack-swing,Beak,attack,melee,n,piercing,,,,1,at-will,
Grick,2,0-4,multiattack-swing,Tentacles,attack,melee,n,slashing,,,grappled,1,at-will,
Grimlock,1/4,0-4,multiattack-swing,Bone Cudgel,attack,melee,n,bludgeoning;psychic,,,,1,at-will,
Intellect Devourer,2,0-4,multiattack-swing,Claw,attack,melee,n,slashing,,,,1,at-will,Devour Intellect folded into multiattack
Intellect Devourer,2,0-4,multiattack-swing,Devour Intellect,save,melee,n,psychic,INT,negates,stunned,1,at-will,folded into multiattack (additive)
Kuo-toa,1/4,0-4,multiattack-swing,Spear,attack,both,n,piercing,,,,1,at-will,
Kuo-toa Monitor,3,0-4,multiattack-swing,Bone Whip,attack,melee,n,slashing;lightning,,,,2,at-will,
Kuo-toa Whip,1,0-4,multiattack-swing,Pincer Staff,attack,melee,n,piercing,,,grappled,1,at-will,
Nothic,2,0-4,multiattack-swing,Claw,attack,melee,n,slashing,,,,1,at-will,1b at-will alt
Nothic,2,0-4,multiattack-swing,Rotting Gaze,save,melee,n,necrotic,CON,half,,0.5,at-will,1b at-will alt
Piercer,1/2,0-4,multiattack-swing,Bite,attack,melee,n,piercing,,,,1,at-will,
Slaad Tadpole,1/8,0-4,multiattack-swing,Bite,attack,melee,n,piercing,,,,1,at-will,
Spectator,3,0-4,multiattack-swing,Wounding Ray,save,ranged,n,necrotic,CON,half,,0.67,at-will,eye-ray menu 2 uses/3 rays; Wounding only damaging
Aarakocra Aeromancer,4,0-4,multiattack-swing,Wind Staff,attack,both,n,bludgeoning;lightning,,,,2,at-will,
Aarakocra Aeromancer,4,0-4,action,Lightning Bolt (1/Day),save,ranged,y,lightning,DEX,half,,1,1/day,2a limited spell (SRD stats)
Aarakocra Skirmisher,1/4,0-4,multiattack-swing,Talons,attack,melee,n,slashing,,,,1,at-will,
Azer Sentinel,2,0-4,multiattack-swing,Burning Hammer,attack,melee,n,bludgeoning;fire,,,,1,at-will,
Dust Mephit,1/2,0-4,multiattack-swing,Claw,attack,melee,n,slashing,,,,1,at-will,
Gargoyle,2,0-4,multiattack-swing,Claw,attack,melee,n,slashing,,,,2,at-will,
Ice Mephit,1/2,0-4,multiattack-swing,Claw,attack,melee,n,slashing;cold,,,,1,at-will,
Ice Mephit,1/2,0-4,multiattack-swing,Frost Breath (Recharge 6),save,ranged,y,cold,CON,half,,1,6,
Lizardfolk Geomancer,2,0-4,multiattack-swing,Earth Burst,attack,both,n,bludgeoning,,,,2,at-will,
Lizardfolk Geomancer,2,0-4,multiattack-swing,Hail of Stone (Recharge 5–6),save,ranged,y,bludgeoning,CON,half,prone,1,5-6,
Lizardfolk Sovereign,4,0-4,multiattack-swing,Bite,attack,melee,n,piercing,,,,1,at-will,
Lizardfolk Sovereign,4,0-4,multiattack-swing,Earthen Maul,attack,melee,n,bludgeoning,,,prone,1,at-will,
Magma Mephit,1/2,0-4,multiattack-swing,Claw,attack,melee,n,slashing;fire,,,,1,at-will,
Magma Mephit,1/2,0-4,multiattack-swing,Fire Breath (Recharge 6),save,ranged,y,fire,DEX,half,,1,6,
Magmin,1/2,0-4,multiattack-swing,Touch,attack,melee,n,fire,,,,1,at-will,
Merfolk Skirmisher,1/8,0-4,multiattack-swing,Ocean Spear,attack,both,n,piercing;cold,,,,1,at-will,
Mud Mephit,1/4,0-4,multiattack-swing,Slam,attack,melee,n,bludgeoning,,,,1,at-will,
Salamander Fire Snake,1,0-4,multiattack-swing,Bite,attack,melee,n,piercing;fire,,,,1,at-will,
Smoke Mephit,1/4,0-4,multiattack-swing,Claw,attack,melee,n,slashing,,,,1,at-will,
Steam Mephit,1/4,0-4,multiattack-swing,Claw,attack,melee,n,slashing;fire,,,,1,at-will,
Steam Mephit,1/4,0-4,multiattack-swing,Steam Breath (Recharge 6),save,ranged,y,fire,CON,half,,1,6,
Water Weird,3,0-4,multiattack-swing,Surge,attack,melee,n,cold,,,grappled;restrained,1,at-will,
